CREATE TABLE categoria (
    nome varchar(255) NOT NULL,
    PRIMARY KEY(nome)
);

CREATE TABLE categoria_simples (
    nome varchar(255) NOT NULL,
    PRIMARY KEY(nome),
    FOREIGN KEY (nome) REFERENCES categoria(nome)
);

CREATE TABLE super_categoria (
    nome varchar(255) NOT NULL,
    PRIMARY KEY(nome),
    FOREIGN KEY (nome) REFERENCES categoria(nome)
);

CREATE TABLE tem_outra (
    super_categoria varchar(255) NOT NULL,
    categoria varchar(255) NOT NULL,
    PRIMARY KEY (categoria),
    FOREIGN KEY (super_categoria) REFERENCES super_categoria(nome), 
    FOREIGN KEY (categoria) REFERENCES categoria(nome) 
);

CREATE TABLE produto (
    ean INT NOT NULL,
    cat varchar(255) NOT NULL,
    descr varchar(255) NOT NULL,
    PRIMARY KEY(ean),
    FOREIGN KEY (cat) REFERENCES categoria(nome)
);

CREATE TABLE tem_categoria(
    ean INT NOT NULL,
    nome varchar(255) NOT NULL,
    PRIMARY KEY (ean, nome),
    FOREIGN KEY (ean) REFERENCES produto(ean),
    FOREIGN KEY (nome) REFERENCES categoria(nome)
);

CREATE TABLE IVM (
    num_serie INT NOT NULL,
    fabricante varchar(255) NOT NULL,
    PRIMARY KEY(num_serie, fabricante)
);

CREATE TABLE ponto_de_retalho (
    nome varchar(255) NOT NULL, 
    distrito varchar(255) NOT NULL, 
    concelho varchar(255) NOT NULL,
    PRIMARY KEY(nome)
);

CREATE TABLE instalada_em (
    num_serie INT NOT NULL, 
    fabricante varchar(255) NOT NULL, 
    localizacao varchar(255) NOT NULL, 
    PRIMARY KEY (num_serie, fabricante),
    FOREIGN KEY (num_serie, fabricante) REFERENCES IVM(num_serie, fabricante),
    FOREIGN KEY (localizacao) REFERENCES ponto_de_retalho(nome)
);

CREATE TABLE prateleira (
    nro INT NOT NULL, 
    num_serie INT NOT NULL,
    fabricante varchar(255) NOT NULL,
    altura INT NOT NULL,
    nome varchar(255) NOT NULL,
    PRIMARY KEY(nro, num_serie, fabricante),
    FOREIGN KEY (num_serie, fabricante) REFERENCES IVM(num_serie, fabricante),
    FOREIGN KEY(nome) REFERENCES categoria(nome) 
);

CREATE TABLE planograma (
    ean INT NOT NULL,
    nro INT NOT NULL,
    num_serie INT NOT NULL,
    fabricante varchar(255) NOT NULL,
    faces INT NOT NULL,
    unidades INT NOT NULL,
    loc INT NOT NULL,
    PRIMARY KEY (ean, nro, num_serie, fabricante),
    FOREIGN KEY (ean) REFERENCES produto(ean),
    FOREIGN KEY (nro, num_serie, fabricante) REFERENCES prateleira(nro, num_serie, fabricante)
);

CREATE TABLE retalhista (
    tin INT NOT NULL,
    nome varchar(255) NOT NULL UNIQUE,
    PRIMARY KEY (tin)
);

CREATE TABLE responsavel_por (
    nome_cat varchar(255) NOT NULL, 
    tin INT NOT NULL, 
    num_serie INT NOT NULL,
    fabricante varchar(255) NOT NULL,
    PRIMARY KEY (num_serie, fabricante),
    FOREIGN KEY (num_serie, fabricante) REFERENCES IVM(num_serie, fabricante),
    FOREIGN KEY (tin) REFERENCES retalhista(tin),
    FOREIGN KEY (nome_cat) REFERENCES categoria(nome)
);

CREATE TABLE evento_de_reposicao (
    ean INT NOT NULL, 
    nro INT NOT NULL, 
    num_serie INT NOT NULL, 
    fabricante varchar(255) NULL, 
    instante TIMESTAMP NOT NULL, 
    unidades INT NOT NULL, 
    tin INT NOT NULL,
    PRIMARY KEY (ean, nro, num_serie, fabricante, instante),
    FOREIGN KEY (ean, nro, num_serie, fabricante) REFERENCES planograma(ean, nro, num_serie, fabricante),
    FOREIGN KEY (tin) REFERENCES retalhista(tin)
);

INSERT INTO categoria VALUES ('AGUA');

INSERT INTO categoria_simples VALUES ('AGUA');

INSERT INTO categoria VALUES ('BOLACHAS');

INSERT INTO super_categoria VALUES ('BOLACHAS');

INSERT INTO categoria VALUES ('BOLACHAS DE CHOCOLATE');

INSERT INTO categoria_simples VALUES ('BOLACHAS DE CHOCOLATE');

INSERT INTO tem_outra VALUES ('BOLACHAS', 'BOLACHAS DE CHOCOLATE');

INSERT INTO categoria VALUES ('BOLOS');

INSERT INTO super_categoria VALUES ('BOLOS');

INSERT INTO categoria VALUES ('BOLOS DE CHOCOLATE');

INSERT INTO categoria_simples VALUES ('BOLOS DE CHOCOLATE');

INSERT INTO tem_outra VALUES ('BOLOS', 'BOLOS DE CHOCOLATE');

INSERT INTO categoria VALUES ('BOLOS DE FRUTA');

INSERT INTO categoria_simples VALUES ('BOLOS DE FRUTA');

INSERT INTO tem_outra VALUES ('BOLOS', 'BOLOS DE FRUTA');

INSERT INTO categoria VALUES ('CHOCOLATE');

INSERT INTO categoria_simples VALUES ('CHOCOLATE');

INSERT INTO categoria VALUES ('GOMAS');

INSERT INTO categoria_simples VALUES ('GOMAS');

INSERT INTO categoria VALUES ('HIGIENE');

INSERT INTO categoria_simples VALUES ('HIGIENE');

INSERT INTO categoria VALUES ('REFRIGERANTES');

INSERT INTO categoria_simples VALUES ('REFRIGERANTES');

INSERT INTO categoria VALUES ('SANDES');

INSERT INTO categoria_simples VALUES ('SANDES');

INSERT INTO categoria VALUES ('SNACKS');

INSERT INTO categoria_simples VALUES ('SNACKS');

INSERT INTO IVM VALUES(101, 'FABRICANTE 1');

INSERT INTO ponto_de_retalho VALUES('PONTO 1', 'DISTRITO 14', 'CONCELHO DO PONTO 1');

INSERT INTO instalada_em VALUES ('101', 'FABRICANTE 1', 'PONTO 1');

INSERT INTO IVM VALUES(102, 'FABRICANTE 2');

INSERT INTO ponto_de_retalho VALUES('PONTO 2', 'DISTRITO 10', 'CONCELHO DO PONTO 2');

INSERT INTO instalada_em VALUES ('102', 'FABRICANTE 2', 'PONTO 2');

INSERT INTO IVM VALUES(103, 'FABRICANTE 3');

INSERT INTO ponto_de_retalho VALUES('PONTO 3', 'DISTRITO 4', 'CONCELHO DO PONTO 3');

INSERT INTO instalada_em VALUES ('103', 'FABRICANTE 3', 'PONTO 3');

INSERT INTO IVM VALUES(104, 'FABRICANTE 4');

INSERT INTO ponto_de_retalho VALUES('PONTO 4', 'DISTRITO 1', 'CONCELHO DO PONTO 4');

INSERT INTO instalada_em VALUES ('104', 'FABRICANTE 4', 'PONTO 4');

INSERT INTO IVM VALUES(105, 'FABRICANTE 5');

INSERT INTO ponto_de_retalho VALUES('PONTO 5', 'DISTRITO 5', 'CONCELHO DO PONTO 5');

INSERT INTO instalada_em VALUES ('105', 'FABRICANTE 5', 'PONTO 5');

INSERT INTO IVM VALUES(106, 'FABRICANTE 6');

INSERT INTO ponto_de_retalho VALUES('PONTO 6', 'DISTRITO 14', 'CONCELHO DO PONTO 6');

INSERT INTO instalada_em VALUES ('106', 'FABRICANTE 6', 'PONTO 6');

INSERT INTO IVM VALUES(107, 'FABRICANTE 7');

INSERT INTO ponto_de_retalho VALUES('PONTO 7', 'DISTRITO 7', 'CONCELHO DO PONTO 7');

INSERT INTO instalada_em VALUES ('107', 'FABRICANTE 7', 'PONTO 7');

INSERT INTO IVM VALUES(108, 'FABRICANTE 8');

INSERT INTO ponto_de_retalho VALUES('PONTO 8', 'DISTRITO 9', 'CONCELHO DO PONTO 8');

INSERT INTO instalada_em VALUES ('108', 'FABRICANTE 8', 'PONTO 8');

INSERT INTO IVM VALUES(109, 'FABRICANTE 9');

INSERT INTO ponto_de_retalho VALUES('PONTO 9', 'DISTRITO 15', 'CONCELHO DO PONTO 9');

INSERT INTO instalada_em VALUES ('109', 'FABRICANTE 9', 'PONTO 9');

INSERT INTO IVM VALUES(110, 'FABRICANTE 10');

INSERT INTO ponto_de_retalho VALUES('PONTO 10', 'DISTRITO 1', 'CONCELHO DO PONTO 10');

INSERT INTO instalada_em VALUES ('110', 'FABRICANTE 10', 'PONTO 10');

INSERT INTO IVM VALUES(111, 'FABRICANTE 11');

INSERT INTO ponto_de_retalho VALUES('PONTO 11', 'DISTRITO 8', 'CONCELHO DO PONTO 11');

INSERT INTO instalada_em VALUES ('111', 'FABRICANTE 11', 'PONTO 11');

INSERT INTO IVM VALUES(112, 'FABRICANTE 12');

INSERT INTO ponto_de_retalho VALUES('PONTO 12', 'DISTRITO 18', 'CONCELHO DO PONTO 12');

INSERT INTO instalada_em VALUES ('112', 'FABRICANTE 12', 'PONTO 12');

INSERT INTO IVM VALUES(113, 'FABRICANTE 13');

INSERT INTO ponto_de_retalho VALUES('PONTO 13', 'DISTRITO 8', 'CONCELHO DO PONTO 13');

INSERT INTO instalada_em VALUES ('113', 'FABRICANTE 13', 'PONTO 13');

INSERT INTO IVM VALUES(114, 'FABRICANTE 14');

INSERT INTO ponto_de_retalho VALUES('PONTO 14', 'DISTRITO 9', 'CONCELHO DO PONTO 14');

INSERT INTO instalada_em VALUES ('114', 'FABRICANTE 14', 'PONTO 14');

INSERT INTO IVM VALUES(115, 'FABRICANTE 15');

INSERT INTO ponto_de_retalho VALUES('PONTO 15', 'DISTRITO 17', 'CONCELHO DO PONTO 15');

INSERT INTO instalada_em VALUES ('115', 'FABRICANTE 15', 'PONTO 15');

INSERT INTO IVM VALUES(116, 'FABRICANTE 16');

INSERT INTO ponto_de_retalho VALUES('PONTO 16', 'DISTRITO 18', 'CONCELHO DO PONTO 16');

INSERT INTO instalada_em VALUES ('116', 'FABRICANTE 16', 'PONTO 16');

INSERT INTO IVM VALUES(117, 'FABRICANTE 17');

INSERT INTO ponto_de_retalho VALUES('PONTO 17', 'DISTRITO 9', 'CONCELHO DO PONTO 17');

INSERT INTO instalada_em VALUES ('117', 'FABRICANTE 17', 'PONTO 17');

INSERT INTO IVM VALUES(118, 'FABRICANTE 18');

INSERT INTO ponto_de_retalho VALUES('PONTO 18', 'DISTRITO 5', 'CONCELHO DO PONTO 18');

INSERT INTO instalada_em VALUES ('118', 'FABRICANTE 18', 'PONTO 18');

INSERT INTO IVM VALUES(119, 'FABRICANTE 19');

INSERT INTO ponto_de_retalho VALUES('PONTO 19', 'DISTRITO 4', 'CONCELHO DO PONTO 19');

INSERT INTO instalada_em VALUES ('119', 'FABRICANTE 19', 'PONTO 19');

INSERT INTO IVM VALUES(120, 'FABRICANTE 20');

INSERT INTO ponto_de_retalho VALUES('PONTO 20', 'DISTRITO 14', 'CONCELHO DO PONTO 20');

INSERT INTO instalada_em VALUES ('120', 'FABRICANTE 20', 'PONTO 20');

INSERT INTO IVM VALUES(121, 'FABRICANTE 21');

INSERT INTO ponto_de_retalho VALUES('PONTO 21', 'DISTRITO 10', 'CONCELHO DO PONTO 21');

INSERT INTO instalada_em VALUES ('121', 'FABRICANTE 21', 'PONTO 21');

INSERT INTO IVM VALUES(122, 'FABRICANTE 22');

INSERT INTO ponto_de_retalho VALUES('PONTO 22', 'DISTRITO 3', 'CONCELHO DO PONTO 22');

INSERT INTO instalada_em VALUES ('122', 'FABRICANTE 22', 'PONTO 22');

INSERT INTO IVM VALUES(123, 'FABRICANTE 23');

INSERT INTO ponto_de_retalho VALUES('PONTO 23', 'DISTRITO 15', 'CONCELHO DO PONTO 23');

INSERT INTO instalada_em VALUES ('123', 'FABRICANTE 23', 'PONTO 23');

INSERT INTO IVM VALUES(124, 'FABRICANTE 24');

INSERT INTO ponto_de_retalho VALUES('PONTO 24', 'DISTRITO 5', 'CONCELHO DO PONTO 24');

INSERT INTO instalada_em VALUES ('124', 'FABRICANTE 24', 'PONTO 24');

INSERT INTO IVM VALUES(125, 'FABRICANTE 25');

INSERT INTO ponto_de_retalho VALUES('PONTO 25', 'DISTRITO 9', 'CONCELHO DO PONTO 25');

INSERT INTO instalada_em VALUES ('125', 'FABRICANTE 25', 'PONTO 25');

INSERT INTO IVM VALUES(126, 'FABRICANTE 26');

INSERT INTO ponto_de_retalho VALUES('PONTO 26', 'DISTRITO 11', 'CONCELHO DO PONTO 26');

INSERT INTO instalada_em VALUES ('126', 'FABRICANTE 26', 'PONTO 26');

INSERT INTO IVM VALUES(127, 'FABRICANTE 27');

INSERT INTO ponto_de_retalho VALUES('PONTO 27', 'DISTRITO 16', 'CONCELHO DO PONTO 27');

INSERT INTO instalada_em VALUES ('127', 'FABRICANTE 27', 'PONTO 27');

INSERT INTO IVM VALUES(128, 'FABRICANTE 28');

INSERT INTO ponto_de_retalho VALUES('PONTO 28', 'DISTRITO 14', 'CONCELHO DO PONTO 28');

INSERT INTO instalada_em VALUES ('128', 'FABRICANTE 28', 'PONTO 28');

INSERT INTO prateleira VALUES (1, 101, 'FABRICANTE 1', 11, 'BOLOS');

INSERT INTO prateleira VALUES (2, 101, 'FABRICANTE 1', 10, 'BOLOS');

INSERT INTO prateleira VALUES (3, 101, 'FABRICANTE 1', 13, 'BOLOS');

INSERT INTO prateleira VALUES (4, 101, 'FABRICANTE 1', 10, 'BOLOS');

INSERT INTO prateleira VALUES (5, 101, 'FABRICANTE 1', 13, 'BOLOS');

INSERT INTO prateleira VALUES (1, 102, 'FABRICANTE 2', 11, 'BOLOS');

INSERT INTO prateleira VALUES (2, 102, 'FABRICANTE 2', 13, 'BOLOS');

INSERT INTO prateleira VALUES (3, 102, 'FABRICANTE 2', 10, 'BOLOS');

INSERT INTO prateleira VALUES (4, 102, 'FABRICANTE 2', 11, 'BOLOS');

INSERT INTO prateleira VALUES (1, 103, 'FABRICANTE 3', 10, 'SNACKS');

INSERT INTO prateleira VALUES (2, 103, 'FABRICANTE 3', 11, 'SNACKS');

INSERT INTO prateleira VALUES (3, 103, 'FABRICANTE 3', 13, 'SNACKS');

INSERT INTO prateleira VALUES (4, 103, 'FABRICANTE 3', 11, 'SNACKS');

INSERT INTO prateleira VALUES (5, 103, 'FABRICANTE 3', 13, 'SNACKS');

INSERT INTO prateleira VALUES (6, 103, 'FABRICANTE 3', 13, 'SNACKS');

INSERT INTO prateleira VALUES (7, 103, 'FABRICANTE 3', 13, 'SNACKS');

INSERT INTO prateleira VALUES (8, 103, 'FABRICANTE 3', 11, 'SNACKS');

INSERT INTO prateleira VALUES (1, 104, 'FABRICANTE 4', 15, 'CHOCOLATE');

INSERT INTO prateleira VALUES (2, 104, 'FABRICANTE 4', 10, 'CHOCOLATE');

INSERT INTO prateleira VALUES (3, 104, 'FABRICANTE 4', 13, 'CHOCOLATE');

INSERT INTO prateleira VALUES (4, 104, 'FABRICANTE 4', 10, 'CHOCOLATE');

INSERT INTO prateleira VALUES (5, 104, 'FABRICANTE 4', 12, 'CHOCOLATE');

INSERT INTO prateleira VALUES (6, 104, 'FABRICANTE 4', 10, 'CHOCOLATE');

INSERT INTO prateleira VALUES (7, 104, 'FABRICANTE 4', 14, 'CHOCOLATE');

INSERT INTO prateleira VALUES (1, 105, 'FABRICANTE 5', 12, 'HIGIENE');

INSERT INTO prateleira VALUES (2, 105, 'FABRICANTE 5', 11, 'HIGIENE');

INSERT INTO prateleira VALUES (3, 105, 'FABRICANTE 5', 13, 'HIGIENE');

INSERT INTO prateleira VALUES (4, 105, 'FABRICANTE 5', 11, 'HIGIENE');

INSERT INTO prateleira VALUES (5, 105, 'FABRICANTE 5', 11, 'HIGIENE');

INSERT INTO prateleira VALUES (1, 106, 'FABRICANTE 6', 12, 'BOLOS');

INSERT INTO prateleira VALUES (2, 106, 'FABRICANTE 6', 13, 'BOLOS');

INSERT INTO prateleira VALUES (3, 106, 'FABRICANTE 6', 11, 'BOLOS');

INSERT INTO prateleira VALUES (4, 106, 'FABRICANTE 6', 14, 'BOLOS');

INSERT INTO prateleira VALUES (5, 106, 'FABRICANTE 6', 11, 'BOLOS');

INSERT INTO prateleira VALUES (6, 106, 'FABRICANTE 6', 13, 'BOLOS');

INSERT INTO prateleira VALUES (1, 107, 'FABRICANTE 7', 15, 'REFRIGERANTES');

INSERT INTO prateleira VALUES (2, 107, 'FABRICANTE 7', 12, 'REFRIGERANTES');

INSERT INTO prateleira VALUES (3, 107, 'FABRICANTE 7', 11, 'REFRIGERANTES');

INSERT INTO prateleira VALUES (4, 107, 'FABRICANTE 7', 15, 'REFRIGERANTES');

INSERT INTO prateleira VALUES (1, 108, 'FABRICANTE 8', 12, 'BOLOS');

INSERT INTO prateleira VALUES (2, 108, 'FABRICANTE 8', 10, 'BOLOS');

INSERT INTO prateleira VALUES (3, 108, 'FABRICANTE 8', 10, 'BOLOS');

INSERT INTO prateleira VALUES (4, 108, 'FABRICANTE 8', 11, 'BOLOS');

INSERT INTO prateleira VALUES (5, 108, 'FABRICANTE 8', 15, 'BOLOS');

INSERT INTO prateleira VALUES (6, 108, 'FABRICANTE 8', 13, 'BOLOS');

INSERT INTO prateleira VALUES (1, 109, 'FABRICANTE 9', 12, 'HIGIENE');

INSERT INTO prateleira VALUES (2, 109, 'FABRICANTE 9', 14, 'HIGIENE');

INSERT INTO prateleira VALUES (3, 109, 'FABRICANTE 9', 10, 'HIGIENE');

INSERT INTO prateleira VALUES (4, 109, 'FABRICANTE 9', 10, 'HIGIENE');

INSERT INTO prateleira VALUES (5, 109, 'FABRICANTE 9', 12, 'HIGIENE');

INSERT INTO prateleira VALUES (6, 109, 'FABRICANTE 9', 15, 'HIGIENE');

INSERT INTO prateleira VALUES (1, 110, 'FABRICANTE 10', 13, 'AGUA');

INSERT INTO prateleira VALUES (2, 110, 'FABRICANTE 10', 10, 'AGUA');

INSERT INTO prateleira VALUES (3, 110, 'FABRICANTE 10', 12, 'AGUA');

INSERT INTO prateleira VALUES (4, 110, 'FABRICANTE 10', 12, 'AGUA');

INSERT INTO prateleira VALUES (5, 110, 'FABRICANTE 10', 10, 'AGUA');

INSERT INTO prateleira VALUES (6, 110, 'FABRICANTE 10', 15, 'AGUA');

INSERT INTO prateleira VALUES (7, 110, 'FABRICANTE 10', 14, 'AGUA');

INSERT INTO prateleira VALUES (8, 110, 'FABRICANTE 10', 15, 'AGUA');

INSERT INTO prateleira VALUES (1, 111, 'FABRICANTE 11', 10, 'CHOCOLATE');

INSERT INTO prateleira VALUES (2, 111, 'FABRICANTE 11', 14, 'CHOCOLATE');

INSERT INTO prateleira VALUES (3, 111, 'FABRICANTE 11', 12, 'CHOCOLATE');

INSERT INTO prateleira VALUES (4, 111, 'FABRICANTE 11', 14, 'CHOCOLATE');

INSERT INTO prateleira VALUES (5, 111, 'FABRICANTE 11', 15, 'CHOCOLATE');

INSERT INTO prateleira VALUES (6, 111, 'FABRICANTE 11', 13, 'CHOCOLATE');

INSERT INTO prateleira VALUES (7, 111, 'FABRICANTE 11', 10, 'CHOCOLATE');

INSERT INTO prateleira VALUES (1, 112, 'FABRICANTE 12', 13, 'BOLOS DE FRUTA');

INSERT INTO prateleira VALUES (2, 112, 'FABRICANTE 12', 10, 'BOLOS DE FRUTA');

INSERT INTO prateleira VALUES (3, 112, 'FABRICANTE 12', 14, 'BOLOS DE FRUTA');

INSERT INTO prateleira VALUES (4, 112, 'FABRICANTE 12', 14, 'BOLOS DE FRUTA');

INSERT INTO prateleira VALUES (1, 113, 'FABRICANTE 13', 13, 'CHOCOLATE');

INSERT INTO prateleira VALUES (2, 113, 'FABRICANTE 13', 14, 'CHOCOLATE');

INSERT INTO prateleira VALUES (3, 113, 'FABRICANTE 13', 11, 'CHOCOLATE');

INSERT INTO prateleira VALUES (4, 113, 'FABRICANTE 13', 13, 'CHOCOLATE');

INSERT INTO prateleira VALUES (5, 113, 'FABRICANTE 13', 12, 'CHOCOLATE');

INSERT INTO prateleira VALUES (6, 113, 'FABRICANTE 13', 13, 'CHOCOLATE');

INSERT INTO prateleira VALUES (7, 113, 'FABRICANTE 13', 11, 'CHOCOLATE');

INSERT INTO prateleira VALUES (1, 114, 'FABRICANTE 14', 14, 'HIGIENE');

INSERT INTO prateleira VALUES (2, 114, 'FABRICANTE 14', 14, 'HIGIENE');

INSERT INTO prateleira VALUES (3, 114, 'FABRICANTE 14', 14, 'HIGIENE');

INSERT INTO prateleira VALUES (4, 114, 'FABRICANTE 14', 13, 'HIGIENE');

INSERT INTO prateleira VALUES (5, 114, 'FABRICANTE 14', 11, 'HIGIENE');

INSERT INTO prateleira VALUES (6, 114, 'FABRICANTE 14', 11, 'HIGIENE');

INSERT INTO prateleira VALUES (1, 115, 'FABRICANTE 15', 11, 'BOLOS');

INSERT INTO prateleira VALUES (2, 115, 'FABRICANTE 15', 14, 'BOLOS');

INSERT INTO prateleira VALUES (3, 115, 'FABRICANTE 15', 15, 'BOLOS');

INSERT INTO prateleira VALUES (4, 115, 'FABRICANTE 15', 15, 'BOLOS');

INSERT INTO prateleira VALUES (5, 115, 'FABRICANTE 15', 11, 'BOLOS');

INSERT INTO prateleira VALUES (6, 115, 'FABRICANTE 15', 14, 'BOLOS');

INSERT INTO prateleira VALUES (7, 115, 'FABRICANTE 15', 15, 'BOLOS');

INSERT INTO prateleira VALUES (8, 115, 'FABRICANTE 15', 11, 'BOLOS');

INSERT INTO prateleira VALUES (1, 116, 'FABRICANTE 16', 15, 'BOLOS DE CHOCOLATE');

INSERT INTO prateleira VALUES (2, 116, 'FABRICANTE 16', 14, 'BOLOS DE CHOCOLATE');

INSERT INTO prateleira VALUES (3, 116, 'FABRICANTE 16', 12, 'BOLOS DE CHOCOLATE');

INSERT INTO prateleira VALUES (4, 116, 'FABRICANTE 16', 11, 'BOLOS DE CHOCOLATE');

INSERT INTO prateleira VALUES (5, 116, 'FABRICANTE 16', 13, 'BOLOS DE CHOCOLATE');

INSERT INTO prateleira VALUES (1, 117, 'FABRICANTE 17', 14, 'SANDES');

INSERT INTO prateleira VALUES (2, 117, 'FABRICANTE 17', 11, 'SANDES');

INSERT INTO prateleira VALUES (3, 117, 'FABRICANTE 17', 13, 'SANDES');

INSERT INTO prateleira VALUES (4, 117, 'FABRICANTE 17', 15, 'SANDES');

INSERT INTO prateleira VALUES (5, 117, 'FABRICANTE 17', 10, 'SANDES');

INSERT INTO prateleira VALUES (6, 117, 'FABRICANTE 17', 15, 'SANDES');

INSERT INTO prateleira VALUES (7, 117, 'FABRICANTE 17', 14, 'SANDES');

INSERT INTO prateleira VALUES (1, 118, 'FABRICANTE 18', 15, 'BOLOS DE FRUTA');

INSERT INTO prateleira VALUES (2, 118, 'FABRICANTE 18', 14, 'BOLOS DE FRUTA');

INSERT INTO prateleira VALUES (3, 118, 'FABRICANTE 18', 11, 'BOLOS DE FRUTA');

INSERT INTO prateleira VALUES (4, 118, 'FABRICANTE 18', 15, 'BOLOS DE FRUTA');

INSERT INTO prateleira VALUES (5, 118, 'FABRICANTE 18', 14, 'BOLOS DE FRUTA');

INSERT INTO prateleira VALUES (6, 118, 'FABRICANTE 18', 14, 'BOLOS DE FRUTA');

INSERT INTO prateleira VALUES (7, 118, 'FABRICANTE 18', 13, 'BOLOS DE FRUTA');

INSERT INTO prateleira VALUES (1, 119, 'FABRICANTE 19', 15, 'BOLOS DE CHOCOLATE');

INSERT INTO prateleira VALUES (2, 119, 'FABRICANTE 19', 11, 'BOLOS DE CHOCOLATE');

INSERT INTO prateleira VALUES (3, 119, 'FABRICANTE 19', 11, 'BOLOS DE CHOCOLATE');

INSERT INTO prateleira VALUES (4, 119, 'FABRICANTE 19', 15, 'BOLOS DE CHOCOLATE');

INSERT INTO prateleira VALUES (5, 119, 'FABRICANTE 19', 12, 'BOLOS DE CHOCOLATE');

INSERT INTO prateleira VALUES (1, 120, 'FABRICANTE 20', 15, 'REFRIGERANTES');

INSERT INTO prateleira VALUES (2, 120, 'FABRICANTE 20', 14, 'REFRIGERANTES');

INSERT INTO prateleira VALUES (3, 120, 'FABRICANTE 20', 14, 'REFRIGERANTES');

INSERT INTO prateleira VALUES (4, 120, 'FABRICANTE 20', 10, 'REFRIGERANTES');

INSERT INTO prateleira VALUES (5, 120, 'FABRICANTE 20', 13, 'REFRIGERANTES');

INSERT INTO prateleira VALUES (1, 121, 'FABRICANTE 21', 14, 'BOLOS DE FRUTA');

INSERT INTO prateleira VALUES (2, 121, 'FABRICANTE 21', 10, 'BOLOS DE FRUTA');

INSERT INTO prateleira VALUES (3, 121, 'FABRICANTE 21', 11, 'BOLOS DE FRUTA');

INSERT INTO prateleira VALUES (4, 121, 'FABRICANTE 21', 14, 'BOLOS DE FRUTA');

INSERT INTO prateleira VALUES (5, 121, 'FABRICANTE 21', 15, 'BOLOS DE FRUTA');

INSERT INTO prateleira VALUES (6, 121, 'FABRICANTE 21', 13, 'BOLOS DE FRUTA');

INSERT INTO prateleira VALUES (7, 121, 'FABRICANTE 21', 15, 'BOLOS DE FRUTA');

INSERT INTO prateleira VALUES (1, 122, 'FABRICANTE 22', 10, 'CHOCOLATE');

INSERT INTO prateleira VALUES (2, 122, 'FABRICANTE 22', 10, 'CHOCOLATE');

INSERT INTO prateleira VALUES (3, 122, 'FABRICANTE 22', 13, 'CHOCOLATE');

INSERT INTO prateleira VALUES (4, 122, 'FABRICANTE 22', 11, 'CHOCOLATE');

INSERT INTO prateleira VALUES (5, 122, 'FABRICANTE 22', 13, 'CHOCOLATE');

INSERT INTO prateleira VALUES (6, 122, 'FABRICANTE 22', 15, 'CHOCOLATE');

INSERT INTO prateleira VALUES (7, 122, 'FABRICANTE 22', 15, 'CHOCOLATE');

INSERT INTO prateleira VALUES (1, 123, 'FABRICANTE 23', 14, 'GOMAS');

INSERT INTO prateleira VALUES (2, 123, 'FABRICANTE 23', 10, 'GOMAS');

INSERT INTO prateleira VALUES (3, 123, 'FABRICANTE 23', 11, 'GOMAS');

INSERT INTO prateleira VALUES (4, 123, 'FABRICANTE 23', 10, 'GOMAS');

INSERT INTO prateleira VALUES (5, 123, 'FABRICANTE 23', 12, 'GOMAS');

INSERT INTO prateleira VALUES (6, 123, 'FABRICANTE 23', 10, 'GOMAS');

INSERT INTO prateleira VALUES (7, 123, 'FABRICANTE 23', 13, 'GOMAS');

INSERT INTO prateleira VALUES (8, 123, 'FABRICANTE 23', 13, 'GOMAS');

INSERT INTO prateleira VALUES (1, 124, 'FABRICANTE 24', 12, 'SNACKS');

INSERT INTO prateleira VALUES (2, 124, 'FABRICANTE 24', 12, 'SNACKS');

INSERT INTO prateleira VALUES (3, 124, 'FABRICANTE 24', 15, 'SNACKS');

INSERT INTO prateleira VALUES (4, 124, 'FABRICANTE 24', 11, 'SNACKS');

INSERT INTO prateleira VALUES (5, 124, 'FABRICANTE 24', 15, 'SNACKS');

INSERT INTO prateleira VALUES (6, 124, 'FABRICANTE 24', 13, 'SNACKS');

INSERT INTO prateleira VALUES (7, 124, 'FABRICANTE 24', 10, 'SNACKS');

INSERT INTO prateleira VALUES (8, 124, 'FABRICANTE 24', 11, 'SNACKS');

INSERT INTO prateleira VALUES (1, 125, 'FABRICANTE 25', 15, 'SNACKS');

INSERT INTO prateleira VALUES (2, 125, 'FABRICANTE 25', 12, 'SNACKS');

INSERT INTO prateleira VALUES (3, 125, 'FABRICANTE 25', 12, 'SNACKS');

INSERT INTO prateleira VALUES (4, 125, 'FABRICANTE 25', 13, 'SNACKS');

INSERT INTO prateleira VALUES (5, 125, 'FABRICANTE 25', 15, 'SNACKS');

INSERT INTO prateleira VALUES (6, 125, 'FABRICANTE 25', 14, 'SNACKS');

INSERT INTO prateleira VALUES (7, 125, 'FABRICANTE 25', 14, 'SNACKS');

INSERT INTO prateleira VALUES (1, 126, 'FABRICANTE 26', 15, 'BOLOS DE FRUTA');

INSERT INTO prateleira VALUES (2, 126, 'FABRICANTE 26', 13, 'BOLOS DE FRUTA');

INSERT INTO prateleira VALUES (3, 126, 'FABRICANTE 26', 10, 'BOLOS DE FRUTA');

INSERT INTO prateleira VALUES (4, 126, 'FABRICANTE 26', 13, 'BOLOS DE FRUTA');

INSERT INTO prateleira VALUES (1, 127, 'FABRICANTE 27', 14, 'HIGIENE');

INSERT INTO prateleira VALUES (2, 127, 'FABRICANTE 27', 14, 'HIGIENE');

INSERT INTO prateleira VALUES (3, 127, 'FABRICANTE 27', 11, 'HIGIENE');

INSERT INTO prateleira VALUES (4, 127, 'FABRICANTE 27', 12, 'HIGIENE');

INSERT INTO prateleira VALUES (5, 127, 'FABRICANTE 27', 11, 'HIGIENE');

INSERT INTO prateleira VALUES (1, 128, 'FABRICANTE 28', 11, 'SNACKS');

INSERT INTO prateleira VALUES (2, 128, 'FABRICANTE 28', 10, 'SNACKS');

INSERT INTO prateleira VALUES (3, 128, 'FABRICANTE 28', 12, 'SNACKS');

INSERT INTO prateleira VALUES (4, 128, 'FABRICANTE 28', 10, 'SNACKS');

INSERT INTO prateleira VALUES (5, 128, 'FABRICANTE 28', 13, 'SNACKS');

INSERT INTO produto VALUES(1, 'HIGIENE', 'PRODUTO 1');

INSERT INTO tem_categoria VALUES (1, 'HIGIENE');

INSERT INTO produto VALUES(2, 'SANDES', 'PRODUTO 2');

INSERT INTO tem_categoria VALUES (2, 'SANDES');

INSERT INTO produto VALUES(3, 'SNACKS', 'PRODUTO 3');

INSERT INTO tem_categoria VALUES (3, 'SNACKS');

INSERT INTO produto VALUES(4, 'AGUA', 'PRODUTO 4');

INSERT INTO tem_categoria VALUES (4, 'AGUA');

INSERT INTO produto VALUES(5, 'SANDES', 'PRODUTO 5');

INSERT INTO tem_categoria VALUES (5, 'SANDES');

INSERT INTO produto VALUES(6, 'AGUA', 'PRODUTO 6');

INSERT INTO tem_categoria VALUES (6, 'AGUA');

INSERT INTO produto VALUES(7, 'BOLOS DE FRUTA', 'PRODUTO 7');

INSERT INTO tem_categoria VALUES (7, 'BOLOS DE FRUTA');

INSERT INTO produto VALUES(8, 'BOLOS DE FRUTA', 'PRODUTO 8');

INSERT INTO tem_categoria VALUES (8, 'BOLOS DE FRUTA');

INSERT INTO produto VALUES(9, 'REFRIGERANTES', 'PRODUTO 9');

INSERT INTO tem_categoria VALUES (9, 'REFRIGERANTES');

INSERT INTO produto VALUES(10, 'BOLOS DE CHOCOLATE', 'PRODUTO 10');

INSERT INTO tem_categoria VALUES (10, 'BOLOS DE CHOCOLATE');

INSERT INTO produto VALUES(11, 'BOLOS DE FRUTA', 'PRODUTO 11');

INSERT INTO tem_categoria VALUES (11, 'BOLOS DE FRUTA');

INSERT INTO produto VALUES(12, 'SANDES', 'PRODUTO 12');

INSERT INTO tem_categoria VALUES (12, 'SANDES');

INSERT INTO produto VALUES(13, 'BOLOS DE FRUTA', 'PRODUTO 13');

INSERT INTO tem_categoria VALUES (13, 'BOLOS DE FRUTA');

INSERT INTO produto VALUES(14, 'HIGIENE', 'PRODUTO 14');

INSERT INTO tem_categoria VALUES (14, 'HIGIENE');

INSERT INTO produto VALUES(15, 'SNACKS', 'PRODUTO 15');

INSERT INTO tem_categoria VALUES (15, 'SNACKS');

INSERT INTO produto VALUES(16, 'GOMAS', 'PRODUTO 16');

INSERT INTO tem_categoria VALUES (16, 'GOMAS');

INSERT INTO produto VALUES(17, 'REFRIGERANTES', 'PRODUTO 17');

INSERT INTO tem_categoria VALUES (17, 'REFRIGERANTES');

INSERT INTO produto VALUES(18, 'CHOCOLATE', 'PRODUTO 18');

INSERT INTO tem_categoria VALUES (18, 'CHOCOLATE');

INSERT INTO produto VALUES(19, 'SANDES', 'PRODUTO 19');

INSERT INTO tem_categoria VALUES (19, 'SANDES');

INSERT INTO produto VALUES(20, 'HIGIENE', 'PRODUTO 20');

INSERT INTO tem_categoria VALUES (20, 'HIGIENE');

INSERT INTO produto VALUES(21, 'BOLOS DE FRUTA', 'PRODUTO 21');

INSERT INTO tem_categoria VALUES (21, 'BOLOS DE FRUTA');

INSERT INTO retalhista VALUES (1, 'RETALHISTA 1');

INSERT INTO retalhista VALUES (2, 'RETALHISTA 2');

INSERT INTO retalhista VALUES (3, 'RETALHISTA 3');

INSERT INTO retalhista VALUES (4, 'RETALHISTA 4');

INSERT INTO retalhista VALUES (5, 'RETALHISTA 5');

INSERT INTO retalhista VALUES (6, 'RETALHISTA 6');

INSERT INTO retalhista VALUES (7, 'RETALHISTA 7');

INSERT INTO retalhista VALUES (8, 'RETALHISTA 8');

INSERT INTO retalhista VALUES (9, 'RETALHISTA 9');

INSERT INTO retalhista VALUES (10, 'RETALHISTA 10');

INSERT INTO retalhista VALUES (11, 'RETALHISTA 11');

INSERT INTO retalhista VALUES (12, 'RETALHISTA 12');

INSERT INTO retalhista VALUES (13, 'RETALHISTA 13');

INSERT INTO retalhista VALUES (14, 'RETALHISTA 14');

INSERT INTO retalhista VALUES (15, 'RETALHISTA 15');

INSERT INTO retalhista VALUES (16, 'RETALHISTA 16');

INSERT INTO retalhista VALUES (17, 'RETALHISTA 17');

INSERT INTO retalhista VALUES (18, 'RETALHISTA 18');

INSERT INTO retalhista VALUES (19, 'RETALHISTA 19');

INSERT INTO retalhista VALUES (20, 'RETALHISTA 20');

INSERT INTO retalhista VALUES (21, 'RETALHISTA 21');

INSERT INTO retalhista VALUES (22, 'RETALHISTA 22');

INSERT INTO retalhista VALUES (23, 'RETALHISTA 23');

INSERT INTO retalhista VALUES (24, 'RETALHISTA 24');

INSERT INTO retalhista VALUES (25, 'RETALHISTA 25');

INSERT INTO retalhista VALUES (26, 'RETALHISTA 26');

INSERT INTO retalhista VALUES (27, 'RETALHISTA 27');

INSERT INTO retalhista VALUES (28, 'RETALHISTA 28');

INSERT INTO responsavel_por VALUES('BOLOS', 1, 101, 'FABRICANTE 1');

INSERT INTO responsavel_por VALUES('BOLOS', 2, 102, 'FABRICANTE 2');

INSERT INTO responsavel_por VALUES('SNACKS', 3, 103, 'FABRICANTE 3');

INSERT INTO responsavel_por VALUES('CHOCOLATE', 4, 104, 'FABRICANTE 4');

INSERT INTO responsavel_por VALUES('HIGIENE', 5, 105, 'FABRICANTE 5');

INSERT INTO responsavel_por VALUES('BOLOS', 6, 106, 'FABRICANTE 6');

INSERT INTO responsavel_por VALUES('REFRIGERANTES', 7, 107, 'FABRICANTE 7');

INSERT INTO responsavel_por VALUES('BOLOS', 8, 108, 'FABRICANTE 8');

INSERT INTO responsavel_por VALUES('HIGIENE', 9, 109, 'FABRICANTE 9');

INSERT INTO responsavel_por VALUES('AGUA', 10, 110, 'FABRICANTE 10');

INSERT INTO responsavel_por VALUES('CHOCOLATE', 11, 111, 'FABRICANTE 11');

INSERT INTO responsavel_por VALUES('BOLOS DE FRUTA', 12, 112, 'FABRICANTE 12');

INSERT INTO responsavel_por VALUES('CHOCOLATE', 13, 113, 'FABRICANTE 13');

INSERT INTO responsavel_por VALUES('HIGIENE', 14, 114, 'FABRICANTE 14');

INSERT INTO responsavel_por VALUES('BOLOS', 15, 115, 'FABRICANTE 15');

INSERT INTO responsavel_por VALUES('BOLOS DE CHOCOLATE', 16, 116, 'FABRICANTE 16');

INSERT INTO responsavel_por VALUES('SANDES', 17, 117, 'FABRICANTE 17');

INSERT INTO responsavel_por VALUES('BOLOS DE FRUTA', 18, 118, 'FABRICANTE 18');

INSERT INTO responsavel_por VALUES('BOLOS DE CHOCOLATE', 19, 119, 'FABRICANTE 19');

INSERT INTO responsavel_por VALUES('REFRIGERANTES', 20, 120, 'FABRICANTE 20');

INSERT INTO responsavel_por VALUES('BOLOS DE FRUTA', 21, 121, 'FABRICANTE 21');

INSERT INTO responsavel_por VALUES('CHOCOLATE', 22, 122, 'FABRICANTE 22');

INSERT INTO responsavel_por VALUES('GOMAS', 23, 123, 'FABRICANTE 23');

INSERT INTO responsavel_por VALUES('SNACKS', 24, 124, 'FABRICANTE 24');

INSERT INTO responsavel_por VALUES('SNACKS', 25, 125, 'FABRICANTE 25');

INSERT INTO responsavel_por VALUES('BOLOS DE FRUTA', 26, 126, 'FABRICANTE 26');

INSERT INTO responsavel_por VALUES('HIGIENE', 27, 127, 'FABRICANTE 27');

INSERT INTO responsavel_por VALUES('SNACKS', 28, 128, 'FABRICANTE 28');

INSERT INTO planograma VALUES (3, 1, 103, 'FABRICANTE 3', 5, 9, 1);

INSERT INTO planograma VALUES (15, 1, 103, 'FABRICANTE 3', 5, 7, 1);

INSERT INTO planograma VALUES (3, 2, 103, 'FABRICANTE 3', 5, 8, 1);

INSERT INTO planograma VALUES (15, 2, 103, 'FABRICANTE 3', 5, 9, 1);

INSERT INTO planograma VALUES (3, 3, 103, 'FABRICANTE 3', 5, 12, 1);

INSERT INTO planograma VALUES (15, 3, 103, 'FABRICANTE 3', 5, 7, 1);

INSERT INTO planograma VALUES (3, 4, 103, 'FABRICANTE 3', 5, 7, 1);

INSERT INTO planograma VALUES (15, 4, 103, 'FABRICANTE 3', 5, 12, 1);

INSERT INTO planograma VALUES (3, 5, 103, 'FABRICANTE 3', 5, 7, 1);

INSERT INTO planograma VALUES (15, 5, 103, 'FABRICANTE 3', 5, 8, 1);

INSERT INTO planograma VALUES (3, 6, 103, 'FABRICANTE 3', 5, 11, 1);

INSERT INTO planograma VALUES (15, 6, 103, 'FABRICANTE 3', 5, 7, 1);

INSERT INTO planograma VALUES (3, 7, 103, 'FABRICANTE 3', 5, 10, 1);

INSERT INTO planograma VALUES (15, 7, 103, 'FABRICANTE 3', 5, 7, 1);

INSERT INTO planograma VALUES (3, 8, 103, 'FABRICANTE 3', 5, 11, 1);

INSERT INTO planograma VALUES (15, 8, 103, 'FABRICANTE 3', 5, 10, 1);

INSERT INTO planograma VALUES (18, 1, 104, 'FABRICANTE 4', 5, 12, 1);

INSERT INTO planograma VALUES (18, 2, 104, 'FABRICANTE 4', 5, 11, 1);

INSERT INTO planograma VALUES (18, 3, 104, 'FABRICANTE 4', 5, 11, 1);

INSERT INTO planograma VALUES (18, 4, 104, 'FABRICANTE 4', 5, 10, 1);

INSERT INTO planograma VALUES (18, 5, 104, 'FABRICANTE 4', 5, 9, 1);

INSERT INTO planograma VALUES (18, 6, 104, 'FABRICANTE 4', 5, 11, 1);

INSERT INTO planograma VALUES (18, 7, 104, 'FABRICANTE 4', 5, 7, 1);

INSERT INTO planograma VALUES (14, 1, 105, 'FABRICANTE 5', 5, 10, 1);

INSERT INTO planograma VALUES (20, 1, 105, 'FABRICANTE 5', 5, 7, 1);

INSERT INTO planograma VALUES (1, 1, 105, 'FABRICANTE 5', 5, 10, 1);

INSERT INTO planograma VALUES (14, 2, 105, 'FABRICANTE 5', 5, 7, 1);

INSERT INTO planograma VALUES (20, 2, 105, 'FABRICANTE 5', 5, 8, 1);

INSERT INTO planograma VALUES (1, 2, 105, 'FABRICANTE 5', 5, 10, 1);

INSERT INTO planograma VALUES (14, 3, 105, 'FABRICANTE 5', 5, 11, 1);

INSERT INTO planograma VALUES (20, 3, 105, 'FABRICANTE 5', 5, 9, 1);

INSERT INTO planograma VALUES (1, 3, 105, 'FABRICANTE 5', 5, 8, 1);

INSERT INTO planograma VALUES (14, 4, 105, 'FABRICANTE 5', 5, 10, 1);

INSERT INTO planograma VALUES (20, 4, 105, 'FABRICANTE 5', 5, 7, 1);

INSERT INTO planograma VALUES (1, 4, 105, 'FABRICANTE 5', 5, 10, 1);

INSERT INTO planograma VALUES (14, 5, 105, 'FABRICANTE 5', 5, 11, 1);

INSERT INTO planograma VALUES (20, 5, 105, 'FABRICANTE 5', 5, 8, 1);

INSERT INTO planograma VALUES (1, 5, 105, 'FABRICANTE 5', 5, 7, 1);

INSERT INTO planograma VALUES (9, 1, 107, 'FABRICANTE 7', 5, 10, 1);

INSERT INTO planograma VALUES (17, 1, 107, 'FABRICANTE 7', 5, 10, 1);

INSERT INTO planograma VALUES (9, 2, 107, 'FABRICANTE 7', 5, 10, 1);

INSERT INTO planograma VALUES (17, 2, 107, 'FABRICANTE 7', 5, 11, 1);

INSERT INTO planograma VALUES (9, 3, 107, 'FABRICANTE 7', 5, 8, 1);

INSERT INTO planograma VALUES (17, 3, 107, 'FABRICANTE 7', 5, 8, 1);

INSERT INTO planograma VALUES (9, 4, 107, 'FABRICANTE 7', 5, 10, 1);

INSERT INTO planograma VALUES (17, 4, 107, 'FABRICANTE 7', 5, 12, 1);

INSERT INTO planograma VALUES (14, 1, 109, 'FABRICANTE 9', 5, 8, 1);

INSERT INTO planograma VALUES (20, 1, 109, 'FABRICANTE 9', 5, 12, 1);

INSERT INTO planograma VALUES (1, 1, 109, 'FABRICANTE 9', 5, 8, 1);

INSERT INTO planograma VALUES (14, 2, 109, 'FABRICANTE 9', 5, 11, 1);

INSERT INTO planograma VALUES (20, 2, 109, 'FABRICANTE 9', 5, 11, 1);

INSERT INTO planograma VALUES (1, 2, 109, 'FABRICANTE 9', 5, 10, 1);

INSERT INTO planograma VALUES (14, 3, 109, 'FABRICANTE 9', 5, 11, 1);

INSERT INTO planograma VALUES (20, 3, 109, 'FABRICANTE 9', 5, 7, 1);

INSERT INTO planograma VALUES (1, 3, 109, 'FABRICANTE 9', 5, 12, 1);

INSERT INTO planograma VALUES (14, 4, 109, 'FABRICANTE 9', 5, 8, 1);

INSERT INTO planograma VALUES (20, 4, 109, 'FABRICANTE 9', 5, 11, 1);

INSERT INTO planograma VALUES (1, 4, 109, 'FABRICANTE 9', 5, 11, 1);

INSERT INTO planograma VALUES (14, 5, 109, 'FABRICANTE 9', 5, 7, 1);

INSERT INTO planograma VALUES (20, 5, 109, 'FABRICANTE 9', 5, 12, 1);

INSERT INTO planograma VALUES (1, 5, 109, 'FABRICANTE 9', 5, 7, 1);

INSERT INTO planograma VALUES (14, 6, 109, 'FABRICANTE 9', 5, 8, 1);

INSERT INTO planograma VALUES (20, 6, 109, 'FABRICANTE 9', 5, 11, 1);

INSERT INTO planograma VALUES (1, 6, 109, 'FABRICANTE 9', 5, 9, 1);

INSERT INTO planograma VALUES (6, 1, 110, 'FABRICANTE 10', 5, 9, 1);

INSERT INTO planograma VALUES (4, 1, 110, 'FABRICANTE 10', 5, 11, 1);

INSERT INTO planograma VALUES (6, 2, 110, 'FABRICANTE 10', 5, 10, 1);

INSERT INTO planograma VALUES (4, 2, 110, 'FABRICANTE 10', 5, 10, 1);

INSERT INTO planograma VALUES (6, 3, 110, 'FABRICANTE 10', 5, 11, 1);

INSERT INTO planograma VALUES (4, 3, 110, 'FABRICANTE 10', 5, 7, 1);

INSERT INTO planograma VALUES (6, 4, 110, 'FABRICANTE 10', 5, 12, 1);

INSERT INTO planograma VALUES (4, 4, 110, 'FABRICANTE 10', 5, 7, 1);

INSERT INTO planograma VALUES (6, 5, 110, 'FABRICANTE 10', 5, 12, 1);

INSERT INTO planograma VALUES (4, 5, 110, 'FABRICANTE 10', 5, 8, 1);

INSERT INTO planograma VALUES (6, 6, 110, 'FABRICANTE 10', 5, 12, 1);

INSERT INTO planograma VALUES (4, 6, 110, 'FABRICANTE 10', 5, 12, 1);

INSERT INTO planograma VALUES (6, 7, 110, 'FABRICANTE 10', 5, 10, 1);

INSERT INTO planograma VALUES (4, 7, 110, 'FABRICANTE 10', 5, 7, 1);

INSERT INTO planograma VALUES (6, 8, 110, 'FABRICANTE 10', 5, 12, 1);

INSERT INTO planograma VALUES (4, 8, 110, 'FABRICANTE 10', 5, 12, 1);

INSERT INTO planograma VALUES (18, 1, 111, 'FABRICANTE 11', 5, 7, 1);

INSERT INTO planograma VALUES (18, 2, 111, 'FABRICANTE 11', 5, 12, 1);

INSERT INTO planograma VALUES (18, 3, 111, 'FABRICANTE 11', 5, 8, 1);

INSERT INTO planograma VALUES (18, 4, 111, 'FABRICANTE 11', 5, 8, 1);

INSERT INTO planograma VALUES (18, 5, 111, 'FABRICANTE 11', 5, 9, 1);

INSERT INTO planograma VALUES (18, 6, 111, 'FABRICANTE 11', 5, 12, 1);

INSERT INTO planograma VALUES (18, 7, 111, 'FABRICANTE 11', 5, 7, 1);

INSERT INTO planograma VALUES (21, 1, 112, 'FABRICANTE 12', 5, 11, 1);

INSERT INTO planograma VALUES (11, 1, 112, 'FABRICANTE 12', 5, 10, 1);

INSERT INTO planograma VALUES (13, 1, 112, 'FABRICANTE 12', 5, 8, 1);

INSERT INTO planograma VALUES (7, 1, 112, 'FABRICANTE 12', 5, 11, 1);

INSERT INTO planograma VALUES (8, 1, 112, 'FABRICANTE 12', 5, 11, 1);

INSERT INTO planograma VALUES (21, 2, 112, 'FABRICANTE 12', 5, 7, 1);

INSERT INTO planograma VALUES (11, 2, 112, 'FABRICANTE 12', 5, 10, 1);

INSERT INTO planograma VALUES (13, 2, 112, 'FABRICANTE 12', 5, 12, 1);

INSERT INTO planograma VALUES (7, 2, 112, 'FABRICANTE 12', 5, 8, 1);

INSERT INTO planograma VALUES (8, 2, 112, 'FABRICANTE 12', 5, 9, 1);

INSERT INTO planograma VALUES (21, 3, 112, 'FABRICANTE 12', 5, 9, 1);

INSERT INTO planograma VALUES (11, 3, 112, 'FABRICANTE 12', 5, 9, 1);

INSERT INTO planograma VALUES (13, 3, 112, 'FABRICANTE 12', 5, 8, 1);

INSERT INTO planograma VALUES (7, 3, 112, 'FABRICANTE 12', 5, 8, 1);

INSERT INTO planograma VALUES (8, 3, 112, 'FABRICANTE 12', 5, 9, 1);

INSERT INTO planograma VALUES (21, 4, 112, 'FABRICANTE 12', 5, 10, 1);

INSERT INTO planograma VALUES (11, 4, 112, 'FABRICANTE 12', 5, 9, 1);

INSERT INTO planograma VALUES (13, 4, 112, 'FABRICANTE 12', 5, 9, 1);

INSERT INTO planograma VALUES (7, 4, 112, 'FABRICANTE 12', 5, 12, 1);

INSERT INTO planograma VALUES (8, 4, 112, 'FABRICANTE 12', 5, 12, 1);

INSERT INTO planograma VALUES (18, 1, 113, 'FABRICANTE 13', 5, 11, 1);

INSERT INTO planograma VALUES (18, 2, 113, 'FABRICANTE 13', 5, 11, 1);

INSERT INTO planograma VALUES (18, 3, 113, 'FABRICANTE 13', 5, 12, 1);

INSERT INTO planograma VALUES (18, 4, 113, 'FABRICANTE 13', 5, 7, 1);

INSERT INTO planograma VALUES (18, 5, 113, 'FABRICANTE 13', 5, 9, 1);

INSERT INTO planograma VALUES (18, 6, 113, 'FABRICANTE 13', 5, 9, 1);

INSERT INTO planograma VALUES (18, 7, 113, 'FABRICANTE 13', 5, 8, 1);

INSERT INTO planograma VALUES (14, 1, 114, 'FABRICANTE 14', 5, 12, 1);

INSERT INTO planograma VALUES (20, 1, 114, 'FABRICANTE 14', 5, 8, 1);

INSERT INTO planograma VALUES (1, 1, 114, 'FABRICANTE 14', 5, 9, 1);

INSERT INTO planograma VALUES (14, 2, 114, 'FABRICANTE 14', 5, 11, 1);

INSERT INTO planograma VALUES (20, 2, 114, 'FABRICANTE 14', 5, 11, 1);

INSERT INTO planograma VALUES (1, 2, 114, 'FABRICANTE 14', 5, 9, 1);

INSERT INTO planograma VALUES (14, 3, 114, 'FABRICANTE 14', 5, 8, 1);

INSERT INTO planograma VALUES (20, 3, 114, 'FABRICANTE 14', 5, 7, 1);

INSERT INTO planograma VALUES (1, 3, 114, 'FABRICANTE 14', 5, 8, 1);

INSERT INTO planograma VALUES (14, 4, 114, 'FABRICANTE 14', 5, 7, 1);

INSERT INTO planograma VALUES (20, 4, 114, 'FABRICANTE 14', 5, 8, 1);

INSERT INTO planograma VALUES (1, 4, 114, 'FABRICANTE 14', 5, 7, 1);

INSERT INTO planograma VALUES (14, 5, 114, 'FABRICANTE 14', 5, 11, 1);

INSERT INTO planograma VALUES (20, 5, 114, 'FABRICANTE 14', 5, 8, 1);

INSERT INTO planograma VALUES (1, 5, 114, 'FABRICANTE 14', 5, 11, 1);

INSERT INTO planograma VALUES (14, 6, 114, 'FABRICANTE 14', 5, 7, 1);

INSERT INTO planograma VALUES (20, 6, 114, 'FABRICANTE 14', 5, 8, 1);

INSERT INTO planograma VALUES (1, 6, 114, 'FABRICANTE 14', 5, 8, 1);

INSERT INTO planograma VALUES (10, 1, 116, 'FABRICANTE 16', 5, 9, 1);

INSERT INTO planograma VALUES (10, 2, 116, 'FABRICANTE 16', 5, 12, 1);

INSERT INTO planograma VALUES (10, 3, 116, 'FABRICANTE 16', 5, 8, 1);

INSERT INTO planograma VALUES (10, 4, 116, 'FABRICANTE 16', 5, 9, 1);

INSERT INTO planograma VALUES (10, 5, 116, 'FABRICANTE 16', 5, 10, 1);

INSERT INTO planograma VALUES (5, 1, 117, 'FABRICANTE 17', 5, 10, 1);

INSERT INTO planograma VALUES (12, 1, 117, 'FABRICANTE 17', 5, 11, 1);

INSERT INTO planograma VALUES (2, 1, 117, 'FABRICANTE 17', 5, 7, 1);

INSERT INTO planograma VALUES (19, 1, 117, 'FABRICANTE 17', 5, 7, 1);

INSERT INTO planograma VALUES (5, 2, 117, 'FABRICANTE 17', 5, 10, 1);

INSERT INTO planograma VALUES (12, 2, 117, 'FABRICANTE 17', 5, 10, 1);

INSERT INTO planograma VALUES (2, 2, 117, 'FABRICANTE 17', 5, 10, 1);

INSERT INTO planograma VALUES (19, 2, 117, 'FABRICANTE 17', 5, 11, 1);

INSERT INTO planograma VALUES (5, 3, 117, 'FABRICANTE 17', 5, 12, 1);

INSERT INTO planograma VALUES (12, 3, 117, 'FABRICANTE 17', 5, 11, 1);

INSERT INTO planograma VALUES (2, 3, 117, 'FABRICANTE 17', 5, 11, 1);

INSERT INTO planograma VALUES (19, 3, 117, 'FABRICANTE 17', 5, 11, 1);

INSERT INTO planograma VALUES (5, 4, 117, 'FABRICANTE 17', 5, 11, 1);

INSERT INTO planograma VALUES (12, 4, 117, 'FABRICANTE 17', 5, 12, 1);

INSERT INTO planograma VALUES (2, 4, 117, 'FABRICANTE 17', 5, 12, 1);

INSERT INTO planograma VALUES (19, 4, 117, 'FABRICANTE 17', 5, 7, 1);

INSERT INTO planograma VALUES (5, 5, 117, 'FABRICANTE 17', 5, 10, 1);

INSERT INTO planograma VALUES (12, 5, 117, 'FABRICANTE 17', 5, 10, 1);

INSERT INTO planograma VALUES (2, 5, 117, 'FABRICANTE 17', 5, 10, 1);

INSERT INTO planograma VALUES (19, 5, 117, 'FABRICANTE 17', 5, 11, 1);

INSERT INTO planograma VALUES (5, 6, 117, 'FABRICANTE 17', 5, 9, 1);

INSERT INTO planograma VALUES (12, 6, 117, 'FABRICANTE 17', 5, 12, 1);

INSERT INTO planograma VALUES (2, 6, 117, 'FABRICANTE 17', 5, 7, 1);

INSERT INTO planograma VALUES (19, 6, 117, 'FABRICANTE 17', 5, 12, 1);

INSERT INTO planograma VALUES (5, 7, 117, 'FABRICANTE 17', 5, 9, 1);

INSERT INTO planograma VALUES (12, 7, 117, 'FABRICANTE 17', 5, 10, 1);

INSERT INTO planograma VALUES (2, 7, 117, 'FABRICANTE 17', 5, 9, 1);

INSERT INTO planograma VALUES (19, 7, 117, 'FABRICANTE 17', 5, 10, 1);

INSERT INTO planograma VALUES (21, 1, 118, 'FABRICANTE 18', 5, 7, 1);

INSERT INTO planograma VALUES (11, 1, 118, 'FABRICANTE 18', 5, 11, 1);

INSERT INTO planograma VALUES (13, 1, 118, 'FABRICANTE 18', 5, 12, 1);

INSERT INTO planograma VALUES (7, 1, 118, 'FABRICANTE 18', 5, 7, 1);

INSERT INTO planograma VALUES (8, 1, 118, 'FABRICANTE 18', 5, 10, 1);

INSERT INTO planograma VALUES (21, 2, 118, 'FABRICANTE 18', 5, 9, 1);

INSERT INTO planograma VALUES (11, 2, 118, 'FABRICANTE 18', 5, 7, 1);

INSERT INTO planograma VALUES (13, 2, 118, 'FABRICANTE 18', 5, 8, 1);

INSERT INTO planograma VALUES (7, 2, 118, 'FABRICANTE 18', 5, 12, 1);

INSERT INTO planograma VALUES (8, 2, 118, 'FABRICANTE 18', 5, 9, 1);

INSERT INTO planograma VALUES (21, 3, 118, 'FABRICANTE 18', 5, 7, 1);

INSERT INTO planograma VALUES (11, 3, 118, 'FABRICANTE 18', 5, 12, 1);

INSERT INTO planograma VALUES (13, 3, 118, 'FABRICANTE 18', 5, 10, 1);

INSERT INTO planograma VALUES (7, 3, 118, 'FABRICANTE 18', 5, 10, 1);

INSERT INTO planograma VALUES (8, 3, 118, 'FABRICANTE 18', 5, 7, 1);

INSERT INTO planograma VALUES (21, 4, 118, 'FABRICANTE 18', 5, 12, 1);

INSERT INTO planograma VALUES (11, 4, 118, 'FABRICANTE 18', 5, 11, 1);

INSERT INTO planograma VALUES (13, 4, 118, 'FABRICANTE 18', 5, 12, 1);

INSERT INTO planograma VALUES (7, 4, 118, 'FABRICANTE 18', 5, 9, 1);

INSERT INTO planograma VALUES (8, 4, 118, 'FABRICANTE 18', 5, 12, 1);

INSERT INTO planograma VALUES (21, 5, 118, 'FABRICANTE 18', 5, 12, 1);

INSERT INTO planograma VALUES (11, 5, 118, 'FABRICANTE 18', 5, 9, 1);

INSERT INTO planograma VALUES (13, 5, 118, 'FABRICANTE 18', 5, 7, 1);

INSERT INTO planograma VALUES (7, 5, 118, 'FABRICANTE 18', 5, 7, 1);

INSERT INTO planograma VALUES (8, 5, 118, 'FABRICANTE 18', 5, 10, 1);

INSERT INTO planograma VALUES (21, 6, 118, 'FABRICANTE 18', 5, 10, 1);

INSERT INTO planograma VALUES (11, 6, 118, 'FABRICANTE 18', 5, 9, 1);

INSERT INTO planograma VALUES (13, 6, 118, 'FABRICANTE 18', 5, 8, 1);

INSERT INTO planograma VALUES (7, 6, 118, 'FABRICANTE 18', 5, 9, 1);

INSERT INTO planograma VALUES (8, 6, 118, 'FABRICANTE 18', 5, 11, 1);

INSERT INTO planograma VALUES (21, 7, 118, 'FABRICANTE 18', 5, 10, 1);

INSERT INTO planograma VALUES (11, 7, 118, 'FABRICANTE 18', 5, 12, 1);

INSERT INTO planograma VALUES (13, 7, 118, 'FABRICANTE 18', 5, 7, 1);

INSERT INTO planograma VALUES (7, 7, 118, 'FABRICANTE 18', 5, 12, 1);

INSERT INTO planograma VALUES (8, 7, 118, 'FABRICANTE 18', 5, 12, 1);

INSERT INTO planograma VALUES (10, 1, 119, 'FABRICANTE 19', 5, 10, 1);

INSERT INTO planograma VALUES (10, 2, 119, 'FABRICANTE 19', 5, 7, 1);

INSERT INTO planograma VALUES (10, 3, 119, 'FABRICANTE 19', 5, 7, 1);

INSERT INTO planograma VALUES (10, 4, 119, 'FABRICANTE 19', 5, 11, 1);

INSERT INTO planograma VALUES (10, 5, 119, 'FABRICANTE 19', 5, 7, 1);

INSERT INTO planograma VALUES (9, 1, 120, 'FABRICANTE 20', 5, 12, 1);

INSERT INTO planograma VALUES (17, 1, 120, 'FABRICANTE 20', 5, 7, 1);

INSERT INTO planograma VALUES (9, 2, 120, 'FABRICANTE 20', 5, 9, 1);

INSERT INTO planograma VALUES (17, 2, 120, 'FABRICANTE 20', 5, 7, 1);

INSERT INTO planograma VALUES (9, 3, 120, 'FABRICANTE 20', 5, 10, 1);

INSERT INTO planograma VALUES (17, 3, 120, 'FABRICANTE 20', 5, 9, 1);

INSERT INTO planograma VALUES (9, 4, 120, 'FABRICANTE 20', 5, 12, 1);

INSERT INTO planograma VALUES (17, 4, 120, 'FABRICANTE 20', 5, 10, 1);

INSERT INTO planograma VALUES (9, 5, 120, 'FABRICANTE 20', 5, 10, 1);

INSERT INTO planograma VALUES (17, 5, 120, 'FABRICANTE 20', 5, 10, 1);

INSERT INTO planograma VALUES (21, 1, 121, 'FABRICANTE 21', 5, 12, 1);

INSERT INTO planograma VALUES (11, 1, 121, 'FABRICANTE 21', 5, 12, 1);

INSERT INTO planograma VALUES (13, 1, 121, 'FABRICANTE 21', 5, 10, 1);

INSERT INTO planograma VALUES (7, 1, 121, 'FABRICANTE 21', 5, 8, 1);

INSERT INTO planograma VALUES (8, 1, 121, 'FABRICANTE 21', 5, 12, 1);

INSERT INTO planograma VALUES (21, 2, 121, 'FABRICANTE 21', 5, 9, 1);

INSERT INTO planograma VALUES (11, 2, 121, 'FABRICANTE 21', 5, 12, 1);

INSERT INTO planograma VALUES (13, 2, 121, 'FABRICANTE 21', 5, 7, 1);

INSERT INTO planograma VALUES (7, 2, 121, 'FABRICANTE 21', 5, 11, 1);

INSERT INTO planograma VALUES (8, 2, 121, 'FABRICANTE 21', 5, 8, 1);

INSERT INTO planograma VALUES (21, 3, 121, 'FABRICANTE 21', 5, 9, 1);

INSERT INTO planograma VALUES (11, 3, 121, 'FABRICANTE 21', 5, 11, 1);

INSERT INTO planograma VALUES (13, 3, 121, 'FABRICANTE 21', 5, 8, 1);

INSERT INTO planograma VALUES (7, 3, 121, 'FABRICANTE 21', 5, 9, 1);

INSERT INTO planograma VALUES (8, 3, 121, 'FABRICANTE 21', 5, 9, 1);

INSERT INTO planograma VALUES (21, 4, 121, 'FABRICANTE 21', 5, 11, 1);

INSERT INTO planograma VALUES (11, 4, 121, 'FABRICANTE 21', 5, 9, 1);

INSERT INTO planograma VALUES (13, 4, 121, 'FABRICANTE 21', 5, 12, 1);

INSERT INTO planograma VALUES (7, 4, 121, 'FABRICANTE 21', 5, 8, 1);

INSERT INTO planograma VALUES (8, 4, 121, 'FABRICANTE 21', 5, 9, 1);

INSERT INTO planograma VALUES (21, 5, 121, 'FABRICANTE 21', 5, 11, 1);

INSERT INTO planograma VALUES (11, 5, 121, 'FABRICANTE 21', 5, 9, 1);

INSERT INTO planograma VALUES (13, 5, 121, 'FABRICANTE 21', 5, 12, 1);

INSERT INTO planograma VALUES (7, 5, 121, 'FABRICANTE 21', 5, 8, 1);

INSERT INTO planograma VALUES (8, 5, 121, 'FABRICANTE 21', 5, 7, 1);

INSERT INTO planograma VALUES (21, 6, 121, 'FABRICANTE 21', 5, 11, 1);

INSERT INTO planograma VALUES (11, 6, 121, 'FABRICANTE 21', 5, 10, 1);

INSERT INTO planograma VALUES (13, 6, 121, 'FABRICANTE 21', 5, 7, 1);

INSERT INTO planograma VALUES (7, 6, 121, 'FABRICANTE 21', 5, 10, 1);

INSERT INTO planograma VALUES (8, 6, 121, 'FABRICANTE 21', 5, 9, 1);

INSERT INTO planograma VALUES (21, 7, 121, 'FABRICANTE 21', 5, 10, 1);

INSERT INTO planograma VALUES (11, 7, 121, 'FABRICANTE 21', 5, 7, 1);

INSERT INTO planograma VALUES (13, 7, 121, 'FABRICANTE 21', 5, 10, 1);

INSERT INTO planograma VALUES (7, 7, 121, 'FABRICANTE 21', 5, 9, 1);

INSERT INTO planograma VALUES (8, 7, 121, 'FABRICANTE 21', 5, 9, 1);

INSERT INTO planograma VALUES (18, 1, 122, 'FABRICANTE 22', 5, 11, 1);

INSERT INTO planograma VALUES (18, 2, 122, 'FABRICANTE 22', 5, 11, 1);

INSERT INTO planograma VALUES (18, 3, 122, 'FABRICANTE 22', 5, 10, 1);

INSERT INTO planograma VALUES (18, 4, 122, 'FABRICANTE 22', 5, 8, 1);

INSERT INTO planograma VALUES (18, 5, 122, 'FABRICANTE 22', 5, 7, 1);

INSERT INTO planograma VALUES (18, 6, 122, 'FABRICANTE 22', 5, 10, 1);

INSERT INTO planograma VALUES (18, 7, 122, 'FABRICANTE 22', 5, 12, 1);

INSERT INTO planograma VALUES (16, 1, 123, 'FABRICANTE 23', 5, 12, 1);

INSERT INTO planograma VALUES (16, 2, 123, 'FABRICANTE 23', 5, 12, 1);

INSERT INTO planograma VALUES (16, 3, 123, 'FABRICANTE 23', 5, 10, 1);

INSERT INTO planograma VALUES (16, 4, 123, 'FABRICANTE 23', 5, 7, 1);

INSERT INTO planograma VALUES (16, 5, 123, 'FABRICANTE 23', 5, 11, 1);

INSERT INTO planograma VALUES (16, 6, 123, 'FABRICANTE 23', 5, 10, 1);

INSERT INTO planograma VALUES (16, 7, 123, 'FABRICANTE 23', 5, 10, 1);

INSERT INTO planograma VALUES (16, 8, 123, 'FABRICANTE 23', 5, 12, 1);

INSERT INTO planograma VALUES (3, 1, 124, 'FABRICANTE 24', 5, 10, 1);

INSERT INTO planograma VALUES (15, 1, 124, 'FABRICANTE 24', 5, 8, 1);

INSERT INTO planograma VALUES (3, 2, 124, 'FABRICANTE 24', 5, 9, 1);

INSERT INTO planograma VALUES (15, 2, 124, 'FABRICANTE 24', 5, 7, 1);

INSERT INTO planograma VALUES (3, 3, 124, 'FABRICANTE 24', 5, 12, 1);

INSERT INTO planograma VALUES (15, 3, 124, 'FABRICANTE 24', 5, 9, 1);

INSERT INTO planograma VALUES (3, 4, 124, 'FABRICANTE 24', 5, 9, 1);

INSERT INTO planograma VALUES (15, 4, 124, 'FABRICANTE 24', 5, 9, 1);

INSERT INTO planograma VALUES (3, 5, 124, 'FABRICANTE 24', 5, 9, 1);

INSERT INTO planograma VALUES (15, 5, 124, 'FABRICANTE 24', 5, 7, 1);

INSERT INTO planograma VALUES (3, 6, 124, 'FABRICANTE 24', 5, 10, 1);

INSERT INTO planograma VALUES (15, 6, 124, 'FABRICANTE 24', 5, 12, 1);

INSERT INTO planograma VALUES (3, 7, 124, 'FABRICANTE 24', 5, 12, 1);

INSERT INTO planograma VALUES (15, 7, 124, 'FABRICANTE 24', 5, 7, 1);

INSERT INTO planograma VALUES (3, 8, 124, 'FABRICANTE 24', 5, 7, 1);

INSERT INTO planograma VALUES (15, 8, 124, 'FABRICANTE 24', 5, 11, 1);

INSERT INTO planograma VALUES (3, 1, 125, 'FABRICANTE 25', 5, 11, 1);

INSERT INTO planograma VALUES (15, 1, 125, 'FABRICANTE 25', 5, 11, 1);

INSERT INTO planograma VALUES (3, 2, 125, 'FABRICANTE 25', 5, 11, 1);

INSERT INTO planograma VALUES (15, 2, 125, 'FABRICANTE 25', 5, 12, 1);

INSERT INTO planograma VALUES (3, 3, 125, 'FABRICANTE 25', 5, 11, 1);

INSERT INTO planograma VALUES (15, 3, 125, 'FABRICANTE 25', 5, 7, 1);

INSERT INTO planograma VALUES (3, 4, 125, 'FABRICANTE 25', 5, 10, 1);

INSERT INTO planograma VALUES (15, 4, 125, 'FABRICANTE 25', 5, 12, 1);

INSERT INTO planograma VALUES (3, 5, 125, 'FABRICANTE 25', 5, 10, 1);

INSERT INTO planograma VALUES (15, 5, 125, 'FABRICANTE 25', 5, 9, 1);

INSERT INTO planograma VALUES (3, 6, 125, 'FABRICANTE 25', 5, 10, 1);

INSERT INTO planograma VALUES (15, 6, 125, 'FABRICANTE 25', 5, 11, 1);

INSERT INTO planograma VALUES (3, 7, 125, 'FABRICANTE 25', 5, 8, 1);

INSERT INTO planograma VALUES (15, 7, 125, 'FABRICANTE 25', 5, 10, 1);

INSERT INTO planograma VALUES (21, 1, 126, 'FABRICANTE 26', 5, 10, 1);

INSERT INTO planograma VALUES (11, 1, 126, 'FABRICANTE 26', 5, 7, 1);

INSERT INTO planograma VALUES (13, 1, 126, 'FABRICANTE 26', 5, 8, 1);

INSERT INTO planograma VALUES (7, 1, 126, 'FABRICANTE 26', 5, 11, 1);

INSERT INTO planograma VALUES (8, 1, 126, 'FABRICANTE 26', 5, 7, 1);

INSERT INTO planograma VALUES (21, 2, 126, 'FABRICANTE 26', 5, 11, 1);

INSERT INTO planograma VALUES (11, 2, 126, 'FABRICANTE 26', 5, 10, 1);

INSERT INTO planograma VALUES (13, 2, 126, 'FABRICANTE 26', 5, 9, 1);

INSERT INTO planograma VALUES (7, 2, 126, 'FABRICANTE 26', 5, 12, 1);

INSERT INTO planograma VALUES (8, 2, 126, 'FABRICANTE 26', 5, 12, 1);

INSERT INTO planograma VALUES (21, 3, 126, 'FABRICANTE 26', 5, 9, 1);

INSERT INTO planograma VALUES (11, 3, 126, 'FABRICANTE 26', 5, 12, 1);

INSERT INTO planograma VALUES (13, 3, 126, 'FABRICANTE 26', 5, 11, 1);

INSERT INTO planograma VALUES (7, 3, 126, 'FABRICANTE 26', 5, 12, 1);

INSERT INTO planograma VALUES (8, 3, 126, 'FABRICANTE 26', 5, 11, 1);

INSERT INTO planograma VALUES (21, 4, 126, 'FABRICANTE 26', 5, 9, 1);

INSERT INTO planograma VALUES (11, 4, 126, 'FABRICANTE 26', 5, 11, 1);

INSERT INTO planograma VALUES (13, 4, 126, 'FABRICANTE 26', 5, 9, 1);

INSERT INTO planograma VALUES (7, 4, 126, 'FABRICANTE 26', 5, 8, 1);

INSERT INTO planograma VALUES (8, 4, 126, 'FABRICANTE 26', 5, 7, 1);

INSERT INTO planograma VALUES (14, 1, 127, 'FABRICANTE 27', 5, 12, 1);

INSERT INTO planograma VALUES (20, 1, 127, 'FABRICANTE 27', 5, 9, 1);

INSERT INTO planograma VALUES (1, 1, 127, 'FABRICANTE 27', 5, 10, 1);

INSERT INTO planograma VALUES (14, 2, 127, 'FABRICANTE 27', 5, 11, 1);

INSERT INTO planograma VALUES (20, 2, 127, 'FABRICANTE 27', 5, 10, 1);

INSERT INTO planograma VALUES (1, 2, 127, 'FABRICANTE 27', 5, 9, 1);

INSERT INTO planograma VALUES (14, 3, 127, 'FABRICANTE 27', 5, 10, 1);

INSERT INTO planograma VALUES (20, 3, 127, 'FABRICANTE 27', 5, 11, 1);

INSERT INTO planograma VALUES (1, 3, 127, 'FABRICANTE 27', 5, 12, 1);

INSERT INTO planograma VALUES (14, 4, 127, 'FABRICANTE 27', 5, 7, 1);

INSERT INTO planograma VALUES (20, 4, 127, 'FABRICANTE 27', 5, 12, 1);

INSERT INTO planograma VALUES (1, 4, 127, 'FABRICANTE 27', 5, 9, 1);

INSERT INTO planograma VALUES (14, 5, 127, 'FABRICANTE 27', 5, 12, 1);

INSERT INTO planograma VALUES (20, 5, 127, 'FABRICANTE 27', 5, 12, 1);

INSERT INTO planograma VALUES (1, 5, 127, 'FABRICANTE 27', 5, 10, 1);

INSERT INTO planograma VALUES (3, 1, 128, 'FABRICANTE 28', 5, 9, 1);

INSERT INTO planograma VALUES (15, 1, 128, 'FABRICANTE 28', 5, 12, 1);

INSERT INTO planograma VALUES (3, 2, 128, 'FABRICANTE 28', 5, 10, 1);

INSERT INTO planograma VALUES (15, 2, 128, 'FABRICANTE 28', 5, 7, 1);

INSERT INTO planograma VALUES (3, 3, 128, 'FABRICANTE 28', 5, 11, 1);

INSERT INTO planograma VALUES (15, 3, 128, 'FABRICANTE 28', 5, 7, 1);

INSERT INTO planograma VALUES (3, 4, 128, 'FABRICANTE 28', 5, 10, 1);

INSERT INTO planograma VALUES (15, 4, 128, 'FABRICANTE 28', 5, 10, 1);

INSERT INTO planograma VALUES (3, 5, 128, 'FABRICANTE 28', 5, 7, 1);

INSERT INTO planograma VALUES (15, 5, 128, 'FABRICANTE 28', 5, 9, 1);

INSERT INTO evento_de_reposicao VALUES (3, 1, 103, 'FABRICANTE 3', '2022-3-4', 6, 3);

INSERT INTO evento_de_reposicao VALUES (15, 1, 103, 'FABRICANTE 3', '2022-5-24', 6, 3);

INSERT INTO evento_de_reposicao VALUES (3, 2, 103, 'FABRICANTE 3', '2022-9-13', 7, 3);

INSERT INTO evento_de_reposicao VALUES (15, 2, 103, 'FABRICANTE 3', '2022-7-25', 4, 3);

INSERT INTO evento_de_reposicao VALUES (3, 3, 103, 'FABRICANTE 3', '2022-3-17', 7, 3);

INSERT INTO evento_de_reposicao VALUES (15, 3, 103, 'FABRICANTE 3', '2022-5-17', 3, 3);

INSERT INTO evento_de_reposicao VALUES (3, 4, 103, 'FABRICANTE 3', '2022-9-17', 5, 3);

INSERT INTO evento_de_reposicao VALUES (15, 4, 103, 'FABRICANTE 3', '2022-5-14', 6, 3);

INSERT INTO evento_de_reposicao VALUES (3, 5, 103, 'FABRICANTE 3', '2022-4-20', 3, 3);

INSERT INTO evento_de_reposicao VALUES (15, 5, 103, 'FABRICANTE 3', '2022-3-27', 7, 3);

INSERT INTO evento_de_reposicao VALUES (3, 6, 103, 'FABRICANTE 3', '2022-1-8', 3, 3);

INSERT INTO evento_de_reposicao VALUES (15, 6, 103, 'FABRICANTE 3', '2022-12-28', 4, 3);

INSERT INTO evento_de_reposicao VALUES (3, 7, 103, 'FABRICANTE 3', '2022-11-12', 4, 3);

INSERT INTO evento_de_reposicao VALUES (15, 7, 103, 'FABRICANTE 3', '2022-3-28', 4, 3);

INSERT INTO evento_de_reposicao VALUES (3, 8, 103, 'FABRICANTE 3', '2022-3-15', 6, 3);

INSERT INTO evento_de_reposicao VALUES (15, 8, 103, 'FABRICANTE 3', '2022-9-20', 6, 3);

INSERT INTO evento_de_reposicao VALUES (18, 1, 104, 'FABRICANTE 4', '2022-4-3', 7, 4);

INSERT INTO evento_de_reposicao VALUES (18, 2, 104, 'FABRICANTE 4', '2022-11-17', 4, 4);

INSERT INTO evento_de_reposicao VALUES (18, 3, 104, 'FABRICANTE 4', '2022-11-10', 6, 4);

INSERT INTO evento_de_reposicao VALUES (18, 4, 104, 'FABRICANTE 4', '2022-7-23', 7, 4);

INSERT INTO evento_de_reposicao VALUES (18, 5, 104, 'FABRICANTE 4', '2022-11-15', 5, 4);

INSERT INTO evento_de_reposicao VALUES (18, 6, 104, 'FABRICANTE 4', '2022-5-8', 7, 4);

INSERT INTO evento_de_reposicao VALUES (18, 7, 104, 'FABRICANTE 4', '2022-3-10', 7, 4);

INSERT INTO evento_de_reposicao VALUES (14, 1, 105, 'FABRICANTE 5', '2022-5-9', 7, 5);

INSERT INTO evento_de_reposicao VALUES (20, 1, 105, 'FABRICANTE 5', '2022-6-6', 3, 5);

INSERT INTO evento_de_reposicao VALUES (1, 1, 105, 'FABRICANTE 5', '2022-8-20', 3, 5);

INSERT INTO evento_de_reposicao VALUES (14, 2, 105, 'FABRICANTE 5', '2022-1-29', 6, 5);

INSERT INTO evento_de_reposicao VALUES (20, 2, 105, 'FABRICANTE 5', '2022-1-27', 5, 5);

INSERT INTO evento_de_reposicao VALUES (1, 2, 105, 'FABRICANTE 5', '2022-5-7', 7, 5);

INSERT INTO evento_de_reposicao VALUES (14, 3, 105, 'FABRICANTE 5', '2022-10-6', 6, 5);

INSERT INTO evento_de_reposicao VALUES (20, 3, 105, 'FABRICANTE 5', '2022-10-1', 4, 5);

INSERT INTO evento_de_reposicao VALUES (1, 3, 105, 'FABRICANTE 5', '2022-4-8', 6, 5);

INSERT INTO evento_de_reposicao VALUES (14, 4, 105, 'FABRICANTE 5', '2022-9-5', 7, 5);

INSERT INTO evento_de_reposicao VALUES (20, 4, 105, 'FABRICANTE 5', '2022-4-10', 5, 5);

INSERT INTO evento_de_reposicao VALUES (1, 4, 105, 'FABRICANTE 5', '2022-6-1', 3, 5);

INSERT INTO evento_de_reposicao VALUES (14, 5, 105, 'FABRICANTE 5', '2022-4-1', 6, 5);

INSERT INTO evento_de_reposicao VALUES (20, 5, 105, 'FABRICANTE 5', '2022-1-5', 7, 5);

INSERT INTO evento_de_reposicao VALUES (1, 5, 105, 'FABRICANTE 5', '2022-2-2', 4, 5);

INSERT INTO evento_de_reposicao VALUES (9, 1, 107, 'FABRICANTE 7', '2022-1-10', 6, 7);

INSERT INTO evento_de_reposicao VALUES (17, 1, 107, 'FABRICANTE 7', '2022-3-30', 3, 7);

INSERT INTO evento_de_reposicao VALUES (9, 2, 107, 'FABRICANTE 7', '2022-7-5', 7, 7);

INSERT INTO evento_de_reposicao VALUES (17, 2, 107, 'FABRICANTE 7', '2022-4-18', 7, 7);

INSERT INTO evento_de_reposicao VALUES (9, 3, 107, 'FABRICANTE 7', '2022-1-4', 6, 7);

INSERT INTO evento_de_reposicao VALUES (17, 3, 107, 'FABRICANTE 7', '2022-1-18', 4, 7);

INSERT INTO evento_de_reposicao VALUES (9, 4, 107, 'FABRICANTE 7', '2022-8-15', 4, 7);

INSERT INTO evento_de_reposicao VALUES (17, 4, 107, 'FABRICANTE 7', '2022-10-26', 5, 7);

INSERT INTO evento_de_reposicao VALUES (14, 1, 109, 'FABRICANTE 9', '2022-2-16', 6, 9);

INSERT INTO evento_de_reposicao VALUES (20, 1, 109, 'FABRICANTE 9', '2022-3-24', 5, 9);

INSERT INTO evento_de_reposicao VALUES (1, 1, 109, 'FABRICANTE 9', '2022-8-24', 7, 9);

INSERT INTO evento_de_reposicao VALUES (14, 2, 109, 'FABRICANTE 9', '2022-9-18', 5, 9);

INSERT INTO evento_de_reposicao VALUES (20, 2, 109, 'FABRICANTE 9', '2022-10-5', 5, 9);

INSERT INTO evento_de_reposicao VALUES (1, 2, 109, 'FABRICANTE 9', '2022-12-1', 6, 9);

INSERT INTO evento_de_reposicao VALUES (14, 3, 109, 'FABRICANTE 9', '2022-4-26', 5, 9);

INSERT INTO evento_de_reposicao VALUES (20, 3, 109, 'FABRICANTE 9', '2022-3-18', 7, 9);

INSERT INTO evento_de_reposicao VALUES (1, 3, 109, 'FABRICANTE 9', '2022-4-2', 6, 9);

INSERT INTO evento_de_reposicao VALUES (14, 4, 109, 'FABRICANTE 9', '2022-3-4', 5, 9);

INSERT INTO evento_de_reposicao VALUES (20, 4, 109, 'FABRICANTE 9', '2022-1-9', 3, 9);

INSERT INTO evento_de_reposicao VALUES (1, 4, 109, 'FABRICANTE 9', '2022-3-24', 5, 9);

INSERT INTO evento_de_reposicao VALUES (14, 5, 109, 'FABRICANTE 9', '2022-11-28', 5, 9);

INSERT INTO evento_de_reposicao VALUES (20, 5, 109, 'FABRICANTE 9', '2022-3-12', 3, 9);

INSERT INTO evento_de_reposicao VALUES (1, 5, 109, 'FABRICANTE 9', '2022-8-5', 5, 9);

INSERT INTO evento_de_reposicao VALUES (14, 6, 109, 'FABRICANTE 9', '2022-2-18', 6, 9);

INSERT INTO evento_de_reposicao VALUES (20, 6, 109, 'FABRICANTE 9', '2022-7-12', 5, 9);

INSERT INTO evento_de_reposicao VALUES (1, 6, 109, 'FABRICANTE 9', '2022-11-11', 3, 9);

INSERT INTO evento_de_reposicao VALUES (6, 1, 110, 'FABRICANTE 10', '2022-7-19', 6, 10);

INSERT INTO evento_de_reposicao VALUES (4, 1, 110, 'FABRICANTE 10', '2022-6-23', 5, 10);

INSERT INTO evento_de_reposicao VALUES (6, 2, 110, 'FABRICANTE 10', '2022-3-11', 3, 10);

INSERT INTO evento_de_reposicao VALUES (4, 2, 110, 'FABRICANTE 10', '2022-3-5', 3, 10);

INSERT INTO evento_de_reposicao VALUES (6, 3, 110, 'FABRICANTE 10', '2022-6-21', 4, 10);

INSERT INTO evento_de_reposicao VALUES (4, 3, 110, 'FABRICANTE 10', '2022-8-6', 7, 10);

INSERT INTO evento_de_reposicao VALUES (6, 4, 110, 'FABRICANTE 10', '2022-9-27', 4, 10);

INSERT INTO evento_de_reposicao VALUES (4, 4, 110, 'FABRICANTE 10', '2022-12-19', 5, 10);

INSERT INTO evento_de_reposicao VALUES (6, 5, 110, 'FABRICANTE 10', '2022-11-17', 3, 10);

INSERT INTO evento_de_reposicao VALUES (4, 5, 110, 'FABRICANTE 10', '2022-6-1', 6, 10);

INSERT INTO evento_de_reposicao VALUES (6, 6, 110, 'FABRICANTE 10', '2022-12-7', 4, 10);

INSERT INTO evento_de_reposicao VALUES (4, 6, 110, 'FABRICANTE 10', '2022-7-4', 7, 10);

INSERT INTO evento_de_reposicao VALUES (6, 7, 110, 'FABRICANTE 10', '2022-7-7', 5, 10);

INSERT INTO evento_de_reposicao VALUES (4, 7, 110, 'FABRICANTE 10', '2022-11-8', 4, 10);

INSERT INTO evento_de_reposicao VALUES (6, 8, 110, 'FABRICANTE 10', '2022-12-1', 7, 10);

INSERT INTO evento_de_reposicao VALUES (4, 8, 110, 'FABRICANTE 10', '2022-9-13', 6, 10);

INSERT INTO evento_de_reposicao VALUES (18, 1, 111, 'FABRICANTE 11', '2022-9-16', 4, 11);

INSERT INTO evento_de_reposicao VALUES (18, 2, 111, 'FABRICANTE 11', '2022-4-16', 6, 11);

INSERT INTO evento_de_reposicao VALUES (18, 3, 111, 'FABRICANTE 11', '2022-11-22', 5, 11);

INSERT INTO evento_de_reposicao VALUES (18, 4, 111, 'FABRICANTE 11', '2022-3-25', 7, 11);

INSERT INTO evento_de_reposicao VALUES (18, 5, 111, 'FABRICANTE 11', '2022-8-9', 5, 11);

INSERT INTO evento_de_reposicao VALUES (18, 6, 111, 'FABRICANTE 11', '2022-1-15', 6, 11);

INSERT INTO evento_de_reposicao VALUES (18, 7, 111, 'FABRICANTE 11', '2022-5-13', 7, 11);

INSERT INTO evento_de_reposicao VALUES (21, 1, 112, 'FABRICANTE 12', '2022-8-8', 6, 12);

INSERT INTO evento_de_reposicao VALUES (11, 1, 112, 'FABRICANTE 12', '2022-1-10', 4, 12);

INSERT INTO evento_de_reposicao VALUES (13, 1, 112, 'FABRICANTE 12', '2022-1-25', 3, 12);

INSERT INTO evento_de_reposicao VALUES (7, 1, 112, 'FABRICANTE 12', '2022-7-25', 7, 12);

INSERT INTO evento_de_reposicao VALUES (8, 1, 112, 'FABRICANTE 12', '2022-7-8', 3, 12);

INSERT INTO evento_de_reposicao VALUES (21, 2, 112, 'FABRICANTE 12', '2022-2-19', 7, 12);

INSERT INTO evento_de_reposicao VALUES (11, 2, 112, 'FABRICANTE 12', '2022-5-26', 7, 12);

INSERT INTO evento_de_reposicao VALUES (13, 2, 112, 'FABRICANTE 12', '2022-9-27', 7, 12);

INSERT INTO evento_de_reposicao VALUES (7, 2, 112, 'FABRICANTE 12', '2022-7-11', 4, 12);

INSERT INTO evento_de_reposicao VALUES (8, 2, 112, 'FABRICANTE 12', '2022-3-29', 4, 12);

INSERT INTO evento_de_reposicao VALUES (21, 3, 112, 'FABRICANTE 12', '2022-5-18', 4, 12);

INSERT INTO evento_de_reposicao VALUES (11, 3, 112, 'FABRICANTE 12', '2022-9-28', 4, 12);

INSERT INTO evento_de_reposicao VALUES (13, 3, 112, 'FABRICANTE 12', '2022-5-23', 5, 12);

INSERT INTO evento_de_reposicao VALUES (7, 3, 112, 'FABRICANTE 12', '2022-8-14', 5, 12);

INSERT INTO evento_de_reposicao VALUES (8, 3, 112, 'FABRICANTE 12', '2022-5-10', 3, 12);

INSERT INTO evento_de_reposicao VALUES (21, 4, 112, 'FABRICANTE 12', '2022-9-1', 7, 12);

INSERT INTO evento_de_reposicao VALUES (11, 4, 112, 'FABRICANTE 12', '2022-12-29', 4, 12);

INSERT INTO evento_de_reposicao VALUES (13, 4, 112, 'FABRICANTE 12', '2022-3-11', 7, 12);

INSERT INTO evento_de_reposicao VALUES (7, 4, 112, 'FABRICANTE 12', '2022-2-22', 6, 12);

INSERT INTO evento_de_reposicao VALUES (8, 4, 112, 'FABRICANTE 12', '2022-5-27', 5, 12);

INSERT INTO evento_de_reposicao VALUES (18, 1, 113, 'FABRICANTE 13', '2022-5-4', 5, 13);

INSERT INTO evento_de_reposicao VALUES (18, 2, 113, 'FABRICANTE 13', '2022-7-13', 6, 13);

INSERT INTO evento_de_reposicao VALUES (18, 3, 113, 'FABRICANTE 13', '2022-1-30', 3, 13);

INSERT INTO evento_de_reposicao VALUES (18, 4, 113, 'FABRICANTE 13', '2022-1-22', 4, 13);

INSERT INTO evento_de_reposicao VALUES (18, 5, 113, 'FABRICANTE 13', '2022-6-4', 3, 13);

INSERT INTO evento_de_reposicao VALUES (18, 6, 113, 'FABRICANTE 13', '2022-2-28', 3, 13);

INSERT INTO evento_de_reposicao VALUES (18, 7, 113, 'FABRICANTE 13', '2022-8-24', 4, 13);

INSERT INTO evento_de_reposicao VALUES (14, 1, 114, 'FABRICANTE 14', '2022-10-15', 3, 14);

INSERT INTO evento_de_reposicao VALUES (20, 1, 114, 'FABRICANTE 14', '2022-2-19', 6, 14);

INSERT INTO evento_de_reposicao VALUES (1, 1, 114, 'FABRICANTE 14', '2022-10-13', 6, 14);

INSERT INTO evento_de_reposicao VALUES (14, 2, 114, 'FABRICANTE 14', '2022-1-9', 4, 14);

INSERT INTO evento_de_reposicao VALUES (20, 2, 114, 'FABRICANTE 14', '2022-7-24', 7, 14);

INSERT INTO evento_de_reposicao VALUES (1, 2, 114, 'FABRICANTE 14', '2022-12-11', 7, 14);

INSERT INTO evento_de_reposicao VALUES (14, 3, 114, 'FABRICANTE 14', '2022-1-15', 6, 14);

INSERT INTO evento_de_reposicao VALUES (20, 3, 114, 'FABRICANTE 14', '2022-2-12', 4, 14);

INSERT INTO evento_de_reposicao VALUES (1, 3, 114, 'FABRICANTE 14', '2022-1-26', 5, 14);

INSERT INTO evento_de_reposicao VALUES (14, 4, 114, 'FABRICANTE 14', '2022-11-15', 5, 14);

INSERT INTO evento_de_reposicao VALUES (20, 4, 114, 'FABRICANTE 14', '2022-9-25', 3, 14);

INSERT INTO evento_de_reposicao VALUES (1, 4, 114, 'FABRICANTE 14', '2022-11-22', 4, 14);

INSERT INTO evento_de_reposicao VALUES (14, 5, 114, 'FABRICANTE 14', '2022-11-28', 6, 14);

INSERT INTO evento_de_reposicao VALUES (20, 5, 114, 'FABRICANTE 14', '2022-3-16', 4, 14);

INSERT INTO evento_de_reposicao VALUES (1, 5, 114, 'FABRICANTE 14', '2022-5-12', 5, 14);

INSERT INTO evento_de_reposicao VALUES (14, 6, 114, 'FABRICANTE 14', '2022-8-30', 7, 14);

INSERT INTO evento_de_reposicao VALUES (20, 6, 114, 'FABRICANTE 14', '2022-1-3', 3, 14);

INSERT INTO evento_de_reposicao VALUES (1, 6, 114, 'FABRICANTE 14', '2022-4-5', 3, 14);

INSERT INTO evento_de_reposicao VALUES (10, 1, 116, 'FABRICANTE 16', '2022-10-12', 4, 16);

INSERT INTO evento_de_reposicao VALUES (10, 2, 116, 'FABRICANTE 16', '2022-7-9', 4, 16);

INSERT INTO evento_de_reposicao VALUES (10, 3, 116, 'FABRICANTE 16', '2022-10-14', 7, 16);

INSERT INTO evento_de_reposicao VALUES (10, 4, 116, 'FABRICANTE 16', '2022-3-14', 4, 16);

INSERT INTO evento_de_reposicao VALUES (10, 5, 116, 'FABRICANTE 16', '2022-12-4', 3, 16);

INSERT INTO evento_de_reposicao VALUES (5, 1, 117, 'FABRICANTE 17', '2022-4-8', 6, 17);

INSERT INTO evento_de_reposicao VALUES (12, 1, 117, 'FABRICANTE 17', '2022-4-10', 6, 17);

INSERT INTO evento_de_reposicao VALUES (2, 1, 117, 'FABRICANTE 17', '2022-12-2', 4, 17);

INSERT INTO evento_de_reposicao VALUES (19, 1, 117, 'FABRICANTE 17', '2022-8-16', 3, 17);

INSERT INTO evento_de_reposicao VALUES (5, 2, 117, 'FABRICANTE 17', '2022-8-6', 4, 17);

INSERT INTO evento_de_reposicao VALUES (12, 2, 117, 'FABRICANTE 17', '2022-4-23', 7, 17);

INSERT INTO evento_de_reposicao VALUES (2, 2, 117, 'FABRICANTE 17', '2022-3-6', 4, 17);

INSERT INTO evento_de_reposicao VALUES (19, 2, 117, 'FABRICANTE 17', '2022-9-10', 3, 17);

INSERT INTO evento_de_reposicao VALUES (5, 3, 117, 'FABRICANTE 17', '2022-6-29', 7, 17);

INSERT INTO evento_de_reposicao VALUES (12, 3, 117, 'FABRICANTE 17', '2022-4-27', 6, 17);

INSERT INTO evento_de_reposicao VALUES (2, 3, 117, 'FABRICANTE 17', '2022-6-20', 6, 17);

INSERT INTO evento_de_reposicao VALUES (19, 3, 117, 'FABRICANTE 17', '2022-1-3', 7, 17);

INSERT INTO evento_de_reposicao VALUES (5, 4, 117, 'FABRICANTE 17', '2022-6-28', 3, 17);

INSERT INTO evento_de_reposicao VALUES (12, 4, 117, 'FABRICANTE 17', '2022-8-8', 6, 17);

INSERT INTO evento_de_reposicao VALUES (2, 4, 117, 'FABRICANTE 17', '2022-1-27', 5, 17);

INSERT INTO evento_de_reposicao VALUES (19, 4, 117, 'FABRICANTE 17', '2022-4-16', 3, 17);

INSERT INTO evento_de_reposicao VALUES (5, 5, 117, 'FABRICANTE 17', '2022-5-1', 4, 17);

INSERT INTO evento_de_reposicao VALUES (12, 5, 117, 'FABRICANTE 17', '2022-11-24', 6, 17);

INSERT INTO evento_de_reposicao VALUES (2, 5, 117, 'FABRICANTE 17', '2022-4-1', 3, 17);

INSERT INTO evento_de_reposicao VALUES (19, 5, 117, 'FABRICANTE 17', '2022-8-5', 4, 17);

INSERT INTO evento_de_reposicao VALUES (5, 6, 117, 'FABRICANTE 17', '2022-4-24', 4, 17);

INSERT INTO evento_de_reposicao VALUES (12, 6, 117, 'FABRICANTE 17', '2022-4-30', 3, 17);

INSERT INTO evento_de_reposicao VALUES (2, 6, 117, 'FABRICANTE 17', '2022-12-17', 3, 17);

INSERT INTO evento_de_reposicao VALUES (19, 6, 117, 'FABRICANTE 17', '2022-4-12', 4, 17);

INSERT INTO evento_de_reposicao VALUES (5, 7, 117, 'FABRICANTE 17', '2022-10-5', 5, 17);

INSERT INTO evento_de_reposicao VALUES (12, 7, 117, 'FABRICANTE 17', '2022-10-16', 3, 17);

INSERT INTO evento_de_reposicao VALUES (2, 7, 117, 'FABRICANTE 17', '2022-7-15', 6, 17);

INSERT INTO evento_de_reposicao VALUES (19, 7, 117, 'FABRICANTE 17', '2022-7-28', 7, 17);

INSERT INTO evento_de_reposicao VALUES (21, 1, 118, 'FABRICANTE 18', '2022-11-11', 4, 18);

INSERT INTO evento_de_reposicao VALUES (11, 1, 118, 'FABRICANTE 18', '2022-1-17', 3, 18);

INSERT INTO evento_de_reposicao VALUES (13, 1, 118, 'FABRICANTE 18', '2022-1-18', 5, 18);

INSERT INTO evento_de_reposicao VALUES (7, 1, 118, 'FABRICANTE 18', '2022-4-8', 3, 18);

INSERT INTO evento_de_reposicao VALUES (8, 1, 118, 'FABRICANTE 18', '2022-7-10', 5, 18);

INSERT INTO evento_de_reposicao VALUES (21, 2, 118, 'FABRICANTE 18', '2022-6-8', 7, 18);

INSERT INTO evento_de_reposicao VALUES (11, 2, 118, 'FABRICANTE 18', '2022-4-2', 5, 18);

INSERT INTO evento_de_reposicao VALUES (13, 2, 118, 'FABRICANTE 18', '2022-12-13', 6, 18);

INSERT INTO evento_de_reposicao VALUES (7, 2, 118, 'FABRICANTE 18', '2022-7-5', 7, 18);

INSERT INTO evento_de_reposicao VALUES (8, 2, 118, 'FABRICANTE 18', '2022-2-2', 3, 18);

INSERT INTO evento_de_reposicao VALUES (21, 3, 118, 'FABRICANTE 18', '2022-6-8', 5, 18);

INSERT INTO evento_de_reposicao VALUES (11, 3, 118, 'FABRICANTE 18', '2022-3-1', 3, 18);

INSERT INTO evento_de_reposicao VALUES (13, 3, 118, 'FABRICANTE 18', '2022-5-28', 3, 18);

INSERT INTO evento_de_reposicao VALUES (7, 3, 118, 'FABRICANTE 18', '2022-6-17', 5, 18);

INSERT INTO evento_de_reposicao VALUES (8, 3, 118, 'FABRICANTE 18', '2022-11-1', 4, 18);

INSERT INTO evento_de_reposicao VALUES (21, 4, 118, 'FABRICANTE 18', '2022-12-21', 4, 18);

INSERT INTO evento_de_reposicao VALUES (11, 4, 118, 'FABRICANTE 18', '2022-7-27', 7, 18);

INSERT INTO evento_de_reposicao VALUES (13, 4, 118, 'FABRICANTE 18', '2022-4-18', 7, 18);

INSERT INTO evento_de_reposicao VALUES (7, 4, 118, 'FABRICANTE 18', '2022-5-11', 7, 18);

INSERT INTO evento_de_reposicao VALUES (8, 4, 118, 'FABRICANTE 18', '2022-1-13', 4, 18);

INSERT INTO evento_de_reposicao VALUES (21, 5, 118, 'FABRICANTE 18', '2022-12-28', 5, 18);

INSERT INTO evento_de_reposicao VALUES (11, 5, 118, 'FABRICANTE 18', '2022-9-15', 3, 18);

INSERT INTO evento_de_reposicao VALUES (13, 5, 118, 'FABRICANTE 18', '2022-9-30', 5, 18);

INSERT INTO evento_de_reposicao VALUES (7, 5, 118, 'FABRICANTE 18', '2022-5-10', 4, 18);

INSERT INTO evento_de_reposicao VALUES (8, 5, 118, 'FABRICANTE 18', '2022-5-2', 4, 18);

INSERT INTO evento_de_reposicao VALUES (21, 6, 118, 'FABRICANTE 18', '2022-1-8', 6, 18);

INSERT INTO evento_de_reposicao VALUES (11, 6, 118, 'FABRICANTE 18', '2022-1-13', 4, 18);

INSERT INTO evento_de_reposicao VALUES (13, 6, 118, 'FABRICANTE 18', '2022-3-18', 6, 18);

INSERT INTO evento_de_reposicao VALUES (7, 6, 118, 'FABRICANTE 18', '2022-10-18', 3, 18);

INSERT INTO evento_de_reposicao VALUES (8, 6, 118, 'FABRICANTE 18', '2022-10-1', 6, 18);

INSERT INTO evento_de_reposicao VALUES (21, 7, 118, 'FABRICANTE 18', '2022-10-25', 5, 18);

INSERT INTO evento_de_reposicao VALUES (11, 7, 118, 'FABRICANTE 18', '2022-5-9', 5, 18);

INSERT INTO evento_de_reposicao VALUES (13, 7, 118, 'FABRICANTE 18', '2022-4-5', 3, 18);

INSERT INTO evento_de_reposicao VALUES (7, 7, 118, 'FABRICANTE 18', '2022-6-7', 5, 18);

INSERT INTO evento_de_reposicao VALUES (8, 7, 118, 'FABRICANTE 18', '2022-1-20', 5, 18);

INSERT INTO evento_de_reposicao VALUES (10, 1, 119, 'FABRICANTE 19', '2022-8-7', 4, 19);

INSERT INTO evento_de_reposicao VALUES (10, 2, 119, 'FABRICANTE 19', '2022-8-3', 5, 19);

INSERT INTO evento_de_reposicao VALUES (10, 3, 119, 'FABRICANTE 19', '2022-11-3', 4, 19);

INSERT INTO evento_de_reposicao VALUES (10, 4, 119, 'FABRICANTE 19', '2022-4-11', 6, 19);

INSERT INTO evento_de_reposicao VALUES (10, 5, 119, 'FABRICANTE 19', '2022-6-2', 6, 19);

INSERT INTO evento_de_reposicao VALUES (9, 1, 120, 'FABRICANTE 20', '2022-2-23', 4, 20);

INSERT INTO evento_de_reposicao VALUES (17, 1, 120, 'FABRICANTE 20', '2022-3-18', 5, 20);

INSERT INTO evento_de_reposicao VALUES (9, 2, 120, 'FABRICANTE 20', '2022-3-21', 3, 20);

INSERT INTO evento_de_reposicao VALUES (17, 2, 120, 'FABRICANTE 20', '2022-1-18', 4, 20);

INSERT INTO evento_de_reposicao VALUES (9, 3, 120, 'FABRICANTE 20', '2022-3-21', 3, 20);

INSERT INTO evento_de_reposicao VALUES (17, 3, 120, 'FABRICANTE 20', '2022-12-10', 5, 20);

INSERT INTO evento_de_reposicao VALUES (9, 4, 120, 'FABRICANTE 20', '2022-6-19', 5, 20);

INSERT INTO evento_de_reposicao VALUES (17, 4, 120, 'FABRICANTE 20', '2022-3-20', 7, 20);

INSERT INTO evento_de_reposicao VALUES (9, 5, 120, 'FABRICANTE 20', '2022-9-29', 3, 20);

INSERT INTO evento_de_reposicao VALUES (17, 5, 120, 'FABRICANTE 20', '2022-12-7', 6, 20);

INSERT INTO evento_de_reposicao VALUES (21, 1, 121, 'FABRICANTE 21', '2022-4-17', 7, 21);

INSERT INTO evento_de_reposicao VALUES (11, 1, 121, 'FABRICANTE 21', '2022-1-7', 5, 21);

INSERT INTO evento_de_reposicao VALUES (13, 1, 121, 'FABRICANTE 21', '2022-1-11', 6, 21);

INSERT INTO evento_de_reposicao VALUES (7, 1, 121, 'FABRICANTE 21', '2022-8-19', 7, 21);

INSERT INTO evento_de_reposicao VALUES (8, 1, 121, 'FABRICANTE 21', '2022-12-25', 5, 21);

INSERT INTO evento_de_reposicao VALUES (21, 2, 121, 'FABRICANTE 21', '2022-7-12', 6, 21);

INSERT INTO evento_de_reposicao VALUES (11, 2, 121, 'FABRICANTE 21', '2022-9-25', 7, 21);

INSERT INTO evento_de_reposicao VALUES (13, 2, 121, 'FABRICANTE 21', '2022-8-21', 4, 21);

INSERT INTO evento_de_reposicao VALUES (7, 2, 121, 'FABRICANTE 21', '2022-3-19', 6, 21);

INSERT INTO evento_de_reposicao VALUES (8, 2, 121, 'FABRICANTE 21', '2022-6-14', 3, 21);

INSERT INTO evento_de_reposicao VALUES (21, 3, 121, 'FABRICANTE 21', '2022-6-29', 3, 21);

INSERT INTO evento_de_reposicao VALUES (11, 3, 121, 'FABRICANTE 21', '2022-7-21', 4, 21);

INSERT INTO evento_de_reposicao VALUES (13, 3, 121, 'FABRICANTE 21', '2022-8-2', 4, 21);

INSERT INTO evento_de_reposicao VALUES (7, 3, 121, 'FABRICANTE 21', '2022-6-6', 4, 21);

INSERT INTO evento_de_reposicao VALUES (8, 3, 121, 'FABRICANTE 21', '2022-7-29', 5, 21);

INSERT INTO evento_de_reposicao VALUES (21, 4, 121, 'FABRICANTE 21', '2022-3-5', 5, 21);

INSERT INTO evento_de_reposicao VALUES (11, 4, 121, 'FABRICANTE 21', '2022-5-3', 3, 21);

INSERT INTO evento_de_reposicao VALUES (13, 4, 121, 'FABRICANTE 21', '2022-5-7', 7, 21);

INSERT INTO evento_de_reposicao VALUES (7, 4, 121, 'FABRICANTE 21', '2022-3-24', 4, 21);

INSERT INTO evento_de_reposicao VALUES (8, 4, 121, 'FABRICANTE 21', '2022-5-4', 6, 21);

INSERT INTO evento_de_reposicao VALUES (21, 5, 121, 'FABRICANTE 21', '2022-4-12', 6, 21);

INSERT INTO evento_de_reposicao VALUES (11, 5, 121, 'FABRICANTE 21', '2022-10-7', 3, 21);

INSERT INTO evento_de_reposicao VALUES (13, 5, 121, 'FABRICANTE 21', '2022-3-23', 4, 21);

INSERT INTO evento_de_reposicao VALUES (7, 5, 121, 'FABRICANTE 21', '2022-10-14', 4, 21);

INSERT INTO evento_de_reposicao VALUES (8, 5, 121, 'FABRICANTE 21', '2022-12-8', 5, 21);

INSERT INTO evento_de_reposicao VALUES (21, 6, 121, 'FABRICANTE 21', '2022-4-21', 7, 21);

INSERT INTO evento_de_reposicao VALUES (11, 6, 121, 'FABRICANTE 21', '2022-2-2', 4, 21);

INSERT INTO evento_de_reposicao VALUES (13, 6, 121, 'FABRICANTE 21', '2022-4-11', 3, 21);

INSERT INTO evento_de_reposicao VALUES (7, 6, 121, 'FABRICANTE 21', '2022-3-8', 4, 21);

INSERT INTO evento_de_reposicao VALUES (8, 6, 121, 'FABRICANTE 21', '2022-4-4', 7, 21);

INSERT INTO evento_de_reposicao VALUES (21, 7, 121, 'FABRICANTE 21', '2022-12-12', 4, 21);

INSERT INTO evento_de_reposicao VALUES (11, 7, 121, 'FABRICANTE 21', '2022-3-6', 3, 21);

INSERT INTO evento_de_reposicao VALUES (13, 7, 121, 'FABRICANTE 21', '2022-2-25', 7, 21);

INSERT INTO evento_de_reposicao VALUES (7, 7, 121, 'FABRICANTE 21', '2022-6-26', 3, 21);

INSERT INTO evento_de_reposicao VALUES (8, 7, 121, 'FABRICANTE 21', '2022-12-24', 7, 21);

INSERT INTO evento_de_reposicao VALUES (18, 1, 122, 'FABRICANTE 22', '2022-5-29', 7, 22);

INSERT INTO evento_de_reposicao VALUES (18, 2, 122, 'FABRICANTE 22', '2022-2-2', 6, 22);

INSERT INTO evento_de_reposicao VALUES (18, 3, 122, 'FABRICANTE 22', '2022-6-7', 4, 22);

INSERT INTO evento_de_reposicao VALUES (18, 4, 122, 'FABRICANTE 22', '2022-4-6', 3, 22);

INSERT INTO evento_de_reposicao VALUES (18, 5, 122, 'FABRICANTE 22', '2022-4-28', 6, 22);

INSERT INTO evento_de_reposicao VALUES (18, 6, 122, 'FABRICANTE 22', '2022-6-15', 3, 22);

INSERT INTO evento_de_reposicao VALUES (18, 7, 122, 'FABRICANTE 22', '2022-9-8', 3, 22);

INSERT INTO evento_de_reposicao VALUES (16, 1, 123, 'FABRICANTE 23', '2022-4-24', 4, 23);

INSERT INTO evento_de_reposicao VALUES (16, 2, 123, 'FABRICANTE 23', '2022-2-4', 5, 23);

INSERT INTO evento_de_reposicao VALUES (16, 3, 123, 'FABRICANTE 23', '2022-1-11', 3, 23);

INSERT INTO evento_de_reposicao VALUES (16, 4, 123, 'FABRICANTE 23', '2022-11-20', 6, 23);

INSERT INTO evento_de_reposicao VALUES (16, 5, 123, 'FABRICANTE 23', '2022-6-3', 4, 23);

INSERT INTO evento_de_reposicao VALUES (16, 6, 123, 'FABRICANTE 23', '2022-10-7', 5, 23);

INSERT INTO evento_de_reposicao VALUES (16, 7, 123, 'FABRICANTE 23', '2022-11-26', 4, 23);

INSERT INTO evento_de_reposicao VALUES (16, 8, 123, 'FABRICANTE 23', '2022-11-7', 7, 23);

INSERT INTO evento_de_reposicao VALUES (3, 1, 124, 'FABRICANTE 24', '2022-8-13', 3, 24);

INSERT INTO evento_de_reposicao VALUES (15, 1, 124, 'FABRICANTE 24', '2022-4-29', 5, 24);

INSERT INTO evento_de_reposicao VALUES (3, 2, 124, 'FABRICANTE 24', '2022-7-14', 6, 24);

INSERT INTO evento_de_reposicao VALUES (15, 2, 124, 'FABRICANTE 24', '2022-2-22', 4, 24);

INSERT INTO evento_de_reposicao VALUES (3, 3, 124, 'FABRICANTE 24', '2022-7-20', 7, 24);

INSERT INTO evento_de_reposicao VALUES (15, 3, 124, 'FABRICANTE 24', '2022-11-20', 7, 24);

INSERT INTO evento_de_reposicao VALUES (3, 4, 124, 'FABRICANTE 24', '2022-12-9', 6, 24);

INSERT INTO evento_de_reposicao VALUES (15, 4, 124, 'FABRICANTE 24', '2022-5-29', 5, 24);

INSERT INTO evento_de_reposicao VALUES (3, 5, 124, 'FABRICANTE 24', '2022-6-9', 6, 24);

INSERT INTO evento_de_reposicao VALUES (15, 5, 124, 'FABRICANTE 24', '2022-12-25', 6, 24);

INSERT INTO evento_de_reposicao VALUES (3, 6, 124, 'FABRICANTE 24', '2022-1-12', 5, 24);

INSERT INTO evento_de_reposicao VALUES (15, 6, 124, 'FABRICANTE 24', '2022-3-1', 6, 24);

INSERT INTO evento_de_reposicao VALUES (3, 7, 124, 'FABRICANTE 24', '2022-5-17', 6, 24);

INSERT INTO evento_de_reposicao VALUES (15, 7, 124, 'FABRICANTE 24', '2022-7-21', 6, 24);

INSERT INTO evento_de_reposicao VALUES (3, 8, 124, 'FABRICANTE 24', '2022-1-1', 4, 24);

INSERT INTO evento_de_reposicao VALUES (15, 8, 124, 'FABRICANTE 24', '2022-11-1', 7, 24);

INSERT INTO evento_de_reposicao VALUES (3, 1, 125, 'FABRICANTE 25', '2022-1-4', 5, 25);

INSERT INTO evento_de_reposicao VALUES (15, 1, 125, 'FABRICANTE 25', '2022-3-29', 4, 25);

INSERT INTO evento_de_reposicao VALUES (3, 2, 125, 'FABRICANTE 25', '2022-1-3', 5, 25);

INSERT INTO evento_de_reposicao VALUES (15, 2, 125, 'FABRICANTE 25', '2022-5-28', 6, 25);

INSERT INTO evento_de_reposicao VALUES (3, 3, 125, 'FABRICANTE 25', '2022-1-7', 6, 25);

INSERT INTO evento_de_reposicao VALUES (15, 3, 125, 'FABRICANTE 25', '2022-3-16', 7, 25);

INSERT INTO evento_de_reposicao VALUES (3, 4, 125, 'FABRICANTE 25', '2022-6-23', 5, 25);

INSERT INTO evento_de_reposicao VALUES (15, 4, 125, 'FABRICANTE 25', '2022-3-10', 3, 25);

INSERT INTO evento_de_reposicao VALUES (3, 5, 125, 'FABRICANTE 25', '2022-8-18', 4, 25);

INSERT INTO evento_de_reposicao VALUES (15, 5, 125, 'FABRICANTE 25', '2022-4-26', 4, 25);

INSERT INTO evento_de_reposicao VALUES (3, 6, 125, 'FABRICANTE 25', '2022-10-26', 4, 25);

INSERT INTO evento_de_reposicao VALUES (15, 6, 125, 'FABRICANTE 25', '2022-9-26', 4, 25);

INSERT INTO evento_de_reposicao VALUES (3, 7, 125, 'FABRICANTE 25', '2022-4-20', 5, 25);

INSERT INTO evento_de_reposicao VALUES (15, 7, 125, 'FABRICANTE 25', '2022-10-18', 5, 25);

INSERT INTO evento_de_reposicao VALUES (21, 1, 126, 'FABRICANTE 26', '2022-5-21', 7, 26);

INSERT INTO evento_de_reposicao VALUES (11, 1, 126, 'FABRICANTE 26', '2022-8-5', 5, 26);

INSERT INTO evento_de_reposicao VALUES (13, 1, 126, 'FABRICANTE 26', '2022-4-28', 5, 26);

INSERT INTO evento_de_reposicao VALUES (7, 1, 126, 'FABRICANTE 26', '2022-3-21', 4, 26);

INSERT INTO evento_de_reposicao VALUES (8, 1, 126, 'FABRICANTE 26', '2022-8-15', 7, 26);

INSERT INTO evento_de_reposicao VALUES (21, 2, 126, 'FABRICANTE 26', '2022-10-22', 7, 26);

INSERT INTO evento_de_reposicao VALUES (11, 2, 126, 'FABRICANTE 26', '2022-8-6', 7, 26);

INSERT INTO evento_de_reposicao VALUES (13, 2, 126, 'FABRICANTE 26', '2022-2-22', 7, 26);

INSERT INTO evento_de_reposicao VALUES (7, 2, 126, 'FABRICANTE 26', '2022-12-30', 4, 26);

INSERT INTO evento_de_reposicao VALUES (8, 2, 126, 'FABRICANTE 26', '2022-7-2', 4, 26);

INSERT INTO evento_de_reposicao VALUES (21, 3, 126, 'FABRICANTE 26', '2022-4-28', 5, 26);

INSERT INTO evento_de_reposicao VALUES (11, 3, 126, 'FABRICANTE 26', '2022-6-21', 3, 26);

INSERT INTO evento_de_reposicao VALUES (13, 3, 126, 'FABRICANTE 26', '2022-8-11', 7, 26);

INSERT INTO evento_de_reposicao VALUES (7, 3, 126, 'FABRICANTE 26', '2022-1-21', 3, 26);

INSERT INTO evento_de_reposicao VALUES (8, 3, 126, 'FABRICANTE 26', '2022-6-12', 6, 26);

INSERT INTO evento_de_reposicao VALUES (21, 4, 126, 'FABRICANTE 26', '2022-6-19', 3, 26);

INSERT INTO evento_de_reposicao VALUES (11, 4, 126, 'FABRICANTE 26', '2022-10-24', 7, 26);

INSERT INTO evento_de_reposicao VALUES (13, 4, 126, 'FABRICANTE 26', '2022-5-24', 3, 26);

INSERT INTO evento_de_reposicao VALUES (7, 4, 126, 'FABRICANTE 26', '2022-5-26', 3, 26);

INSERT INTO evento_de_reposicao VALUES (8, 4, 126, 'FABRICANTE 26', '2022-12-27', 7, 26);

INSERT INTO evento_de_reposicao VALUES (14, 1, 127, 'FABRICANTE 27', '2022-2-12', 7, 27);

INSERT INTO evento_de_reposicao VALUES (20, 1, 127, 'FABRICANTE 27', '2022-11-18', 3, 27);

INSERT INTO evento_de_reposicao VALUES (1, 1, 127, 'FABRICANTE 27', '2022-10-25', 4, 27);

INSERT INTO evento_de_reposicao VALUES (14, 2, 127, 'FABRICANTE 27', '2022-9-11', 3, 27);

INSERT INTO evento_de_reposicao VALUES (20, 2, 127, 'FABRICANTE 27', '2022-6-27', 5, 27);

INSERT INTO evento_de_reposicao VALUES (1, 2, 127, 'FABRICANTE 27', '2022-2-21', 5, 27);

INSERT INTO evento_de_reposicao VALUES (14, 3, 127, 'FABRICANTE 27', '2022-5-30', 3, 27);

INSERT INTO evento_de_reposicao VALUES (20, 3, 127, 'FABRICANTE 27', '2022-8-16', 4, 27);

INSERT INTO evento_de_reposicao VALUES (1, 3, 127, 'FABRICANTE 27', '2022-4-3', 3, 27);

INSERT INTO evento_de_reposicao VALUES (14, 4, 127, 'FABRICANTE 27', '2022-8-25', 3, 27);

INSERT INTO evento_de_reposicao VALUES (20, 4, 127, 'FABRICANTE 27', '2022-2-1', 4, 27);

INSERT INTO evento_de_reposicao VALUES (1, 4, 127, 'FABRICANTE 27', '2022-11-26', 3, 27);

INSERT INTO evento_de_reposicao VALUES (14, 5, 127, 'FABRICANTE 27', '2022-11-3', 5, 27);

INSERT INTO evento_de_reposicao VALUES (20, 5, 127, 'FABRICANTE 27', '2022-11-4', 7, 27);

INSERT INTO evento_de_reposicao VALUES (1, 5, 127, 'FABRICANTE 27', '2022-10-13', 7, 27);

INSERT INTO evento_de_reposicao VALUES (3, 1, 128, 'FABRICANTE 28', '2022-6-29', 5, 28);

INSERT INTO evento_de_reposicao VALUES (15, 1, 128, 'FABRICANTE 28', '2022-11-21', 6, 28);

INSERT INTO evento_de_reposicao VALUES (3, 2, 128, 'FABRICANTE 28', '2022-4-11', 4, 28);

INSERT INTO evento_de_reposicao VALUES (15, 2, 128, 'FABRICANTE 28', '2022-5-7', 4, 28);

INSERT INTO evento_de_reposicao VALUES (3, 3, 128, 'FABRICANTE 28', '2022-5-3', 5, 28);

INSERT INTO evento_de_reposicao VALUES (15, 3, 128, 'FABRICANTE 28', '2022-6-9', 3, 28);

INSERT INTO evento_de_reposicao VALUES (3, 4, 128, 'FABRICANTE 28', '2022-8-26', 6, 28);

INSERT INTO evento_de_reposicao VALUES (15, 4, 128, 'FABRICANTE 28', '2022-3-27', 5, 28);

INSERT INTO evento_de_reposicao VALUES (3, 5, 128, 'FABRICANTE 28', '2022-12-29', 4, 28);

INSERT INTO evento_de_reposicao VALUES (15, 5, 128, 'FABRICANTE 28', '2022-4-5', 7, 28);

-- extra values

INSERT INTO IVM VALUES(102, 'FABRICANTE 1');

INSERT INTO responsavel_por VALUES('SNACKS', 1, 102, 'FABRICANTE 1');

INSERT INTO IVM VALUES(108, 'FABRICANTE 1');

INSERT INTO responsavel_por VALUES('HIGIENE', 1, 108, 'FABRICANTE 1');

INSERT INTO IVM VALUES(103, 'FABRICANTE 1');

INSERT INTO responsavel_por VALUES('CHOCOLATE', 1, 103, 'FABRICANTE 1');

INSERT INTO IVM VALUES(105, 'FABRICANTE 1');

INSERT INTO responsavel_por VALUES('BOLOS DE FRUTA', 1, 105, 'FABRICANTE 1');

INSERT INTO IVM VALUES(109, 'FABRICANTE 1');

INSERT INTO responsavel_por VALUES('GOMAS', 1, 109, 'FABRICANTE 1');

INSERT INTO IVM VALUES(101, 'FABRICANTE 5');

INSERT INTO responsavel_por VALUES('GOMAS', 5, 101, 'FABRICANTE 5');

INSERT INTO IVM VALUES(107, 'FABRICANTE 5');

INSERT INTO responsavel_por VALUES('CHOCOLATE', 5, 107, 'FABRICANTE 5');

INSERT INTO IVM VALUES(107, 'FABRICANTE 17');

INSERT INTO responsavel_por VALUES('AGUA', 17, 107, 'FABRICANTE 17');

INSERT INTO IVM VALUES(122, 'FABRICANTE 17');

INSERT INTO responsavel_por VALUES('BOLACHAS DE CHOCOLATE', 17, 122, 'FABRICANTE 17');

INSERT INTO IVM VALUES(102, 'FABRICANTE 17');

INSERT INTO responsavel_por VALUES('BOLOS DE CHOCOLATE', 17, 102, 'FABRICANTE 17');

INSERT INTO IVM VALUES(112, 'FABRICANTE 17');

INSERT INTO responsavel_por VALUES('BOLOS DE FRUTA', 17, 112, 'FABRICANTE 17');

INSERT INTO IVM VALUES(108, 'FABRICANTE 17');

INSERT INTO responsavel_por VALUES('CHOCOLATE', 17, 108, 'FABRICANTE 17');

INSERT INTO IVM VALUES(114, 'FABRICANTE 17');

INSERT INTO responsavel_por VALUES('GOMAS', 17, 114, 'FABRICANTE 17');

INSERT INTO IVM VALUES(123, 'FABRICANTE 17');

INSERT INTO responsavel_por VALUES('HIGIENE', 17, 123, 'FABRICANTE 17');

INSERT INTO IVM VALUES(134, 'FABRICANTE 17');

INSERT INTO responsavel_por VALUES('REFRIGERANTES', 17, 134, 'FABRICANTE 17');

INSERT INTO IVM VALUES(152, 'FABRICANTE 17');

INSERT INTO responsavel_por VALUES('SNACKS', 17, 152, 'FABRICANTE 17');

INSERT INTO produto VALUES(22, 'HIGIENE', 'PRODUTO 22');

INSERT INTO tem_categoria VALUES (22, 'HIGIENE');

INSERT INTO categoria VALUES('DOCES');

INSERT INTO super_categoria VALUES('DOCES');

INSERT INTO tem_outra VALUES('DOCES', 'BOLOS');

INSERT INTO tem_outra VALUES('DOCES', 'BOLACHAS');

INSERT INTO tem_categoria VALUES (7, 'BOLOS');

INSERT INTO tem_categoria VALUES (7, 'DOCES');

INSERT INTO tem_categoria VALUES (8, 'BOLOS');

INSERT INTO tem_categoria VALUES (8, 'DOCES');

INSERT INTO tem_categoria VALUES (10, 'BOLOS');

INSERT INTO tem_categoria VALUES (10, 'DOCES');

INSERT INTO tem_categoria VALUES (11, 'BOLOS');

INSERT INTO tem_categoria VALUES (11, 'DOCES');

INSERT INTO tem_categoria VALUES (13, 'BOLOS');

INSERT INTO tem_categoria VALUES (13, 'DOCES');

INSERT INTO tem_categoria VALUES (21, 'BOLOS');

INSERT INTO tem_categoria VALUES (21, 'DOCES');